n_bits,Type,Integer_Value,Compressed_Size_Bytes
32,Gradual,4294967295,11
32,Gradual,4294934527,14
32,Gradual,4294803455,15
32,Gradual,3221061631,18
32,Gradual,3221061623,19
32,Gradual,4294803447,18
32,Gradual,4294803431,17
32,Gradual,4294803439,17
32,Gradual,4294802415,17
32,Gradual,4294802407,19
32,Gradual,4160584679,22
32,Gradual,4160584677,23
32,Gradual,4160322533,22
32,Gradual,4160322021,23
32,Gradual,4160321893,22
32,Gradual,4159797605,23
32,Gradual,4159797621,23
32,Gradual,4159797605,23
32,Gradual,3891362149,24
32,Gradual,3891363173,23
32,Gradual,3891395941,23
32,Gradual,3891391845,25
32,Gradual,3891391781,24
32,Gradual,3891395877,22
32,Gradual,3891658021,22
32,Gradual,3891658533,23
32,Gradual,3891396389,22
32,Gradual,3890347813,23
32,Gradual,3890347781,25
32,Gradual,3890347783,22
32,Gradual,3890347847,23
32,Gradual,3890282311,24
32,Gradual,3890265927,24
32,Gradual,3823157063,25
32,Gradual,3957374791,24
32,Gradual,3957374727,23
32,Gradual,3957366535,23
32,Gradual,3940589319,24
32,Gradual,3940589327,23
32,Gradual,4007698191,23
32,Gradual,4007698183,23
32,Gradual,4008222471,24
32,Gradual,4008222503,22
32,Gradual,4008222501,24
32,Gradual,4008222629,24
32,Gradual,4008353701,21
32,Gradual,4008353573,23
32,Gradual,4006256421,24
32,Gradual,4006256549,24
32,Gradual,4006256545,26
32,Gradual,4006125473,25
32,Gradual,4022902689,25
32,Gradual,4022910881,25
32,Gradual,4022902689,25
32,Gradual,4022898593,25
32,Gradual,4022898561,23
32,Gradual,4022898560,22
32,Gradual,4018704256,22
32,Gradual,4018720640,24
32,Gradual,4018720641,24
32,Gradual,4020817793,25
32,Gradual,3987263361,24
32,Gradual,3987328897,22
32,Gradual,3987263361,24
32,Gradual,3987262337,23
32,Gradual,3987262345,23
32,Gradual,3987262349,23
32,Gradual,3987270541,24
32,Gradual,3987270605,23
32,Gradual,3987270601,24
32,Gradual,3450399689,25
32,Gradual,3449875401,26
32,Gradual,3449873353,26
32,Gradual,3449873345,24
32,Gradual,3449873353,26
32,Gradual,3449873225,26
32,Gradual,3449873224,26
32,Gradual,3447776072,25
32,Gradual,3447907144,26
32,Gradual,2374165320,25
32,Gradual,2374165256,25
32,Gradual,2374165320,25
32,Gradual,2374165336,23
32,Gradual,2374165338,23
32,Gradual,2378359642,24
32,Gradual,2374165338,23
32,Gradual,2407719770,25
32,Gradual,2944590682,24
32,Gradual,2944590683,24
32,Gradual,2944590682,24
32,Gradual,2944590426,23
32,Gradual,2944590410,24
32,Gradual,2948784714,24
32,Gradual,2944590410,24
32,Gradual,3213025866,23
32,Gradual,3213550154,23
32,Gradual,2676679242,23
32,Gradual,2676646474,24
32,Gradual,2676630090,23
32,Gradual,2676634186,25
32,Gradual,3750376010,26
32,Random,3897882031,26
32,Random,3867597444,23
32,Random,2024425027,23
32,Random,1013998588,23
32,Random,1422470881,23
32,Random,4002127062,23
32,Random,4037682880,25
32,Random,4195450948,24
32,Random,2489437795,22
32,Random,478817355,23
32,Random,1560659080,24
32,Random,1868563350,23
32,Random,3735605788,25
32,Random,3744452788,24
32,Random,3366285971,24
32,Random,740283617,24
32,Random,812831624,25
32,Random,3286863471,24
32,Random,714266059,19
32,Random,362439600,24
32,Random,43014624,22
32,Random,724013006,25
32,Random,2905835479,25
32,Random,1321605569,26
32,Random,3561938651,23
32,Random,2387048638,26
32,Random,1768499375,24
32,Random,3798219260,26
32,Random,252455203,23
32,Random,1331752865,23
32,Random,3157250842,25
32,Random,3141630414,24
32,Random,3990322073,21
32,Random,281628894,26
32,Random,700917854,24
32,Random,265371261,22
32,Random,919446441,21
32,Random,2797043159,23
32,Random,503558583,23
32,Random,851202537,25
32,Random,679817292,21
32,Random,2104854400,21
32,Random,1501944707,25
32,Random,2639469990,22
32,Random,4048431837,25
32,Random,2574800782,23
32,Random,712576459,25
32,Random,3031010044,26
32,Random,2137026165,22
32,Random,2853609093,22
32,Random,2767760712,23
32,Random,1097372302,24
32,Random,1428310489,21
32,Random,1907213690,24
32,Random,3936912713,19
32,Random,773496937,25
32,Random,1908723486,24
32,Random,3340377488,24
32,Random,1585569679,24
32,Random,2530516461,22
32,Random,946696442,23
32,Random,2887590762,26
32,Random,2395214392,26
32,Random,3426310398,24
32,Random,845313198,24
32,Random,2403587156,22
32,Random,3841250067,21
32,Random,617287864,22
32,Random,2283698439,21
32,Random,1738799808,25
32,Random,3739561844,24
32,Random,2951487844,23
32,Random,18425733,23
32,Random,40653925,23
32,Random,1781848860,23
32,Random,2112887832,19
32,Random,3413107151,24
32,Random,3751183222,25
32,Random,874581955,21
32,Random,1410809285,24
32,Random,2851615842,26
32,Random,1136011363,24
32,Random,1664774169,23
32,Random,915512784,24
32,Random,2991720618,22
32,Random,1818891290,23
32,Random,623005475,23
32,Random,339662692,24
32,Random,3540979405,23
32,Random,718451032,17
32,Random,2591536700,26
32,Random,3686942821,24
32,Random,3687381724,25
32,Random,871805041,24
32,Random,3994539013,24
32,Random,1772712964,25
32,Random,613220379,22
32,Random,981531200,22
32,Random,3258532386,22
32,Random,3285898481,22
33,Gradual,8589934591,11
33,Gradual,8573157375,15
33,Gradual,8572633087,15
33,Gradual,8570535935,17
33,Gradual,8570503167,18
33,Gradual,8570503039,20
33,Gradual,8570502015,20
33,Gradual,8571026303,20
33,Gradual,8302590847,21
33,Gradual,8298396543,24
33,Gradual,8300493695,22
33,Gradual,8300526463,21
33,Gradual,8292137855,23
33,Gradual,8560573311,21
33,Gradual,8564767615,20
33,Gradual,8564243327,19
33,Gradual,8564239231,21
33,Gradual,8564239227,22
33,Gradual,8564237179,21
33,Gradual,8564237171,21
33,Gradual,8564106099,24
33,Gradual,8564108147,22
33,Gradual,8564108131,23
33,Gradual,8572496739,20
33,Gradual,8572500835,21
33,Gradual,8572500323,22
33,Gradual,8572631395,22
33,Gradual,8505522531,23
33,Gradual,8503425379,22
33,Gradual,8503425383,21
33,Gradual,8570534247,22
33,Gradual,8570534243,23
33,Gradual,8570501475,23
33,Gradual,8572598627,22
33,Gradual,8572467555,22
33,Gradual,8572402019,22
33,Gradual,8570304867,24
33,Gradual,8569256291,23
33,Gradual,8569256290,22
33,Gradual,8569256298,23
33,Gradual,8569252202,24
33,Gradual,8569251946,23
33,Gradual,8569251882,23
33,Gradual,8569251880,23
33,Gradual,8300816424,25
33,Gradual,8300816936,24
33,Gradual,8301865512,21
33,Gradual,8297671208,24
33,Gradual,8566106664,23
33,Gradual,8565058088,22
33,Gradual,8565059112,24
33,Gradual,8565042728,22
33,Gradual,8564780584,23
33,Gradual,8565042728,22
33,Gradual,8565042720,22
33,Gradual,8565042721,21
33,Gradual,8565042725,23
33,Gradual,8569237029,23
33,Gradual,8569236997,23
33,Gradual,8569235973,23
33,Gradual,7495494149,25
33,Gradual,7495494148,25
33,Gradual,5348010500,25
33,Gradual,5350107652,25
33,Gradual,5350631940,24
33,Gradual,5350697476,24
33,Gradual,5367474692,22
33,Gradual,5350697476,24
33,Gradual,5350697484,25
33,Gradual,6424439308,25
33,Gradual,6424455692,23
33,Gradual,6424455820,23
33,Gradual,6424447628,23
33,Gradual,6424451724,23
33,Gradual,8571935372,22
33,Gradual,8571411084,23
33,Gradual,8571406988,22
33,Gradual,8571407052,22
33,Gradual,8571407044,22
33,Gradual,7497665220,24
33,Gradual,7497665222,24
33,Gradual,7497796294,24
33,Gradual,7497800390,24
33,Gradual,7497799878,23
33,Gradual,7498848454,22
33,Gradual,7465294022,22
33,Gradual,7465277638,20
33,Gradual,6928406726,21
33,Gradual,6928406722,24
33,Gradual,6920018114,23
33,Gradual,6928406722,24
33,Gradual,6928275650,24
33,Gradual,6928276674,24
33,Gradual,6928274626,25
33,Gradual,6928275138,25
33,Gradual,6924080834,25
33,Gradual,6924080838,25
33,Gradual,6923032262,24
33,Gradual,6923031238,23
33,Gradual,6923031239,23
33,Gradual,6924079815,25
33,Random,1880276847,25
33,Random,2421358223,24
33,Random,6351390729,23
33,Random,5870057103,26
33,Random,5544687653,22
33,Random,3712853756,24
33,Random,6838922907,25
33,Random,4477805506,25
33,Random,1239140210,23
33,Random,5342128784,23
33,Random,1172139434,23
33,Random,8052845639,25
33,Random,4634716072,24
33,Random,3646602680,25
33,Random,6398976704,23
33,Random,7726464766,24
33,Random,8194235887,24
33,Random,3710963066,25
33,Random,7171361242,22
33,Random,7378006902,22
33,Random,875834429,24
33,Random,3591009080,25
33,Random,3800353992,24
33,Random,1896911609,25
33,Random,7707842716,24
33,Random,706469546,21
33,Random,3987001018,22
33,Random,8056644891,22
33,Random,3076156699,23
33,Random,4366573576,19
33,Random,3580239648,24
33,Random,1347544276,23
33,Random,4481404886,23
33,Random,8102137433,26
33,Random,3066345755,24
33,Random,7392530816,26
33,Random,8453874065,24
33,Random,1450810646,24
33,Random,4555967060,22
33,Random,560652381,26
33,Random,3178895927,22
33,Random,2445157342,25
33,Random,4842470033,24
33,Random,3872046812,24
33,Random,5479300039,26
33,Random,4496666795,24
33,Random,2490101181,24
33,Random,7008882142,24
33,Random,902699856,24
33,Random,59472318,25
33,Random,980283508,24
33,Random,3929031401,27
33,Random,3608877052,25
33,Random,3503778013,24
33,Random,3820755495,26
33,Random,6982769673,23
33,Random,233116119,26
33,Random,5232195122,26
33,Random,1083203576,23
33,Random,1242014536,24
33,Random,1745373814,26
33,Random,7044853705,24
33,Random,6285087736,24
33,Random,365046342,24
33,Random,1745106487,23
33,Random,4368673151,22
33,Random,6336589418,24
33,Random,7099668804,25
33,Random,8543867814,22
33,Random,1967242003,23
33,Random,8090079378,24
33,Random,5479154560,25
33,Random,5511911943,22
33,Random,542193163,25
33,Random,3241895811,24
33,Random,1874233508,24
33,Random,346992220,22
33,Random,3575544538,23
33,Random,5363203216,22
33,Random,3798027908,25
33,Random,2944399078,22
33,Random,560179856,24
33,Random,3928584820,25
33,Random,7925903078,23
33,Random,2810491566,28
33,Random,66108155,21
33,Random,3817036618,26
33,Random,2585791063,26
33,Random,8197651508,24
33,Random,6980211651,25
33,Random,3318904566,27
33,Random,3723006282,24
33,Random,846557920,24
33,Random,5064576495,23
33,Random,4534798052,23
33,Random,7687141398,26
33,Random,1634562597,26
33,Random,3433782759,22
33,Random,7120267835,23
33,Random,5747588963,22
34,Gradual,17179869183,11
34,Gradual,17179869055,14
34,Gradual,16106127231,16
34,Gradual,16106127229,17
34,Gradual,16039018365,18
34,Gradual,16039018109,21
34,Gradual,16039018105,19
34,Gradual,16039014009,21
34,Gradual,16039014001,21
34,Gradual,11744046705,22
34,Gradual,11744046707,20
34,Gradual,11744046643,24
34,Gradual,11744046131,25
34,Gradual,11743521843,23
34,Gradual,11709967411,28
34,Gradual,11709966387,27
34,Gradual,11708917811,27
34,Gradual,11172046899,23
34,Gradual,11172046883,25
34,Gradual,11171915811,26
34,Gradual,11171916835,24
34,Gradual,11171908643,24
34,Gradual,11171916835,24
34,Gradual,11171916899,22
34,Gradual,15466884195,21
34,Gradual,15462689891,23
34,Gradual,15462688867,23
34,Gradual,15462689891,23
34,Gradual,15462690019,24
34,Gradual,15999560931,26
34,Gradual,15999561443,26
34,Gradual,15999553251,24
34,Gradual,15999553267,24
34,Gradual,15999552755,24
34,Gradual,16000601331,23
34,Gradual,16000605427,23
34,Gradual,16000343283,24
34,Gradual,15991954675,23
34,Gradual,15992478963,23
34,Gradual,15992478971,23
34,Gradual,15992479483,24
34,Gradual,15724044027,22
34,Gradual,15723978491,23
34,Gradual,15791087355,24
34,Gradual,13643603707,26
34,Gradual,13643603579,28
34,Gradual,13643603578,28
34,Gradual,13643603582,27
34,Gradual,13643734654,26
34,Gradual,9348767358,26
34,Gradual,10422509182,24
34,Gradual,10422517374,24
34,Gradual,10422582910,23
34,Gradual,10422583166,22
34,Gradual,12570066814,22
34,Gradual,12570066815,21
34,Gradual,12569542527,23
34,Gradual,12569542523,24
34,Gradual,12569542459,24
34,Gradual,12569509691,24
34,Gradual,12569509755,24
34,Gradual,12569444219,24
34,Gradual,12569443195,23
34,Gradual,12573637499,23
34,Gradual,12573637491,24
34,Gradual,12573638515,24
34,Gradual,12572589939,26
34,Gradual,12573638515,24
34,Gradual,12573507443,25
34,Gradual,12569313139,25
34,Gradual,12573507443,25
34,Gradual,12573499251,25
34,Gradual,12573499187,23
34,Gradual,12573761331,25
34,Gradual,12556984115,25
34,Gradual,12554886963,26
34,Gradual,12555018035,27
34,Gradual,12571795251,25
34,Gradual,12572319539,23
34,Gradual,12572319523,24
34,Gradual,12840754979,22
34,Gradual,12840752931,22
34,Gradual,12840752930,21
34,Gradual,17135720226,20
34,Gradual,17135720224,20
34,Gradual,17135719712,21
34,Gradual,17135719713,22
34,Gradual,17135719712,21
34,Gradual,17135718688,22
34,Gradual,17135194400,23
34,Gradual,17131000096,25
34,Gradual,17131524384,24
34,Gradual,17131524128,24
34,Gradual,17114746912,21
34,Gradual,17114742816,20
34,Gradual,17114726432,19
34,Gradual,17123115040,20
34,Gradual,17056006176,21
34,Gradual,17056006178,21
34,Gradual,17089560610,20
34,Gradual,17089626146,20
34,Random,4363444709,24
34,Random,5157075203,26
34,Random,1261413129,23
34,Random,2470976044,23
34,Random,555956163,26
34,Random,13479157878,26
34,Random,17060717217,23
34,Random,1961134839,28
34,Random,13409346185,26
34,Random,14739847206,25
34,Random,9834948279,26
34,Random,3795395297,26
34,Random,2061088881,24
34,Random,4421963877,24
34,Random,5899989807,22
34,Random,214680984,23
34,Random,11116930269,26
34,Random,5114718443,26
34,Random,7306924446,25
34,Random,15429265388,25
34,Random,2237025191,25
34,Random,3525732457,23
34,Random,8604610112,22
34,Random,4262500020,22
34,Random,15477598913,25
34,Random,583373067,21
34,Random,2013572329,24
34,Random,15046038745,23
34,Random,11448997927,22
34,Random,4569889041,23
34,Random,3695541809,24
34,Random,14425193790,24
34,Random,3710816927,23
34,Random,8609188198,20
34,Random,11158870667,25
34,Random,17151409784,22
34,Random,8259948537,24
34,Random,8967655206,27
34,Random,6673575583,25
34,Random,12886056938,21
34,Random,13271754983,25
34,Random,6108847666,24
34,Random,2635352585,23
34,Random,10873124650,25
34,Random,15583471860,24
34,Random,2605447756,26
34,Random,10560674101,25
34,Random,12668380667,25
34,Random,9952475606,25
34,Random,11475638642,21
34,Random,14911342441,25
34,Random,5174043130,26
34,Random,13329302313,27
34,Random,5033895075,25
34,Random,11867007323,24
34,Random,12794709028,24
34,Random,3180953244,25
34,Random,628970867,24
34,Random,10666722682,23
34,Random,10382278332,24
34,Random,2515531757,22
34,Random,4680914707,26
34,Random,4810859242,26
34,Random,5289276733,27
34,Random,756397323,24
34,Random,14165835259,26
34,Random,4178715410,22
34,Random,4922204841,23
34,Random,9295544611,24
34,Random,12817506220,22
34,Random,11385496338,25
34,Random,8901344960,22
34,Random,5453559215,25
34,Random,1111421319,24
34,Random,13089990597,25
34,Random,256385116,25
34,Random,13976461854,21
34,Random,5077070136,27
34,Random,9940815805,23
34,Random,8404965712,22
34,Random,17091374290,21
34,Random,11073966461,25
34,Random,16591290888,23
34,Random,16983172799,23
34,Random,11870320837,24
34,Random,10540406323,26
34,Random,10144458097,26
34,Random,11777475042,23
34,Random,15007100241,23
34,Random,7277987489,25
34,Random,16800432202,24
34,Random,6182649759,25
34,Random,16408778794,25
34,Random,16643796363,21
34,Random,10523174158,24
34,Random,13210645,21
34,Random,17175311455,21
34,Random,3719162583,22
34,Random,1599025279,25
34,Random,6390700564,24
35,Gradual,34359738367,11
35,Gradual,34355544063,15
35,Gradual,34355539967,16
35,Gradual,34355539963,14
35,Gradual,34321985531,17
35,Gradual,34326179835,18
35,Gradual,34326179834,19
35,Gradual,34326179826,21
35,Gradual,25736245234,20
35,Gradual,21441277938,20
35,Gradual,21441277426,21
35,Gradual,21474831858,21
35,Gradual,21474831862,18
35,Gradual,21474835958,17
35,Gradual,21474835959,16
35,Gradual,21474819575,18
35,Gradual,19327335927,19
35,Gradual,19326811639,19
35,Gradual,19327335927,19
35,Gradual,19327303159,20
35,Gradual,23622270455,21
35,Gradual,23622270454,22
35,Gradual,23622270966,20
35,Gradual,23085400054,19
35,Gradual,23085432822,18
35,Gradual,23085430774,19
35,Gradual,23085430758,20
35,Gradual,31675365350,21
35,Gradual,31675365286,22
35,Gradual,31675365302,21
35,Gradual,31675365303,20
35,Gradual,31675299767,21
35,Gradual,23085365175,20
35,Gradual,23085365183,20
35,Gradual,23085365247,18
35,Gradual,23085365231,20
35,Gradual,23085364207,21
35,Gradual,23085233135,21
35,Gradual,23085233071,21
35,Gradual,22816797615,24
35,Gradual,22816797679,22
35,Gradual,22812603375,22
35,Gradual,22812603247,25
35,Gradual,31402537839,27
35,Gradual,27107570543,24
35,Gradual,27107570539,23
35,Gradual,27099181931,22
35,Gradual,27367617387,26
35,Gradual,27904488299,23
35,Gradual,27904504683,21
35,Gradual,27904504171,23
35,Gradual,27904487787,23
35,Gradual,27904483691,24
35,Gradual,27904483683,25
35,Gradual,27837374819,28
35,Gradual,26763632995,28
35,Gradual,26495197539,27
35,Gradual,26503586147,25
35,Gradual,26470031715,27
35,Gradual,26470031683,25
35,Gradual,26537140547,25
35,Gradual,26537140579,26
35,Gradual,27610882403,26
35,Gradual,27610882402,25
35,Gradual,27608785250,25
35,Gradual,27600396642,26
35,Gradual,27600363874,26
35,Gradual,29747847522,27
35,Gradual,30016282978,27
35,Gradual,30015234402,26
35,Gradual,34310201698,24
35,Gradual,25720267106,25
35,Gradual,25720266850,25
35,Gradual,25720266851,25
35,Gradual,24646525027,26
35,Gradual,24646525043,26
35,Gradual,24646524979,26
35,Gradual,20351557683,27
35,Gradual,20351688755,26
35,Gradual,20351688739,26
35,Gradual,20351690787,27
35,Gradual,20351756323,26
35,Gradual,20351756322,26
35,Gradual,20351756834,25
35,Gradual,20351232546,25
35,Gradual,20350970402,25
35,Gradual,20350970530,25
35,Gradual,20350970594,27
35,Gradual,20350970595,26
35,Gradual,21424712419,26
35,Gradual,21424712427,26
35,Gradual,21424716523,24
35,Gradual,21426813675,25
35,Gradual,30016748267,24
35,Gradual,30050302699,24
35,Gradual,21460368107,23
35,Gradual,21460368111,24
35,Gradual,21460368103,24
35,Gradual,19312884455,24
35,Gradual,19312883943,24
35,Gradual,18776013031,26
35,Random,2929912337,22
35,Random,8286549563,23
35,Random,1313893257,26
35,Random,14044319318,28
35,Random,4804970724,25
35,Random,33118669464,22
35,Random,75812431,22
35,Random,4492991257,24
35,Random,25205672231,25
35,Random,1849866027,26
35,Random,4768928011,24
35,Random,4539645383,27
35,Random,28191211861,23
35,Random,17116231476,23
35,Random,28848282757,23
35,Random,31373929256,27
35,Random,1890147091,26
35,Random,10874840930,25
35,Random,27026655863,25
35,Random,16103130388,23
35,Random,22999683876,23
35,Random,27412211672,26
35,Random,6212754923,25
35,Random,29403325484,24
35,Random,21936196526,24
35,Random,29377194770,26
35,Random,182845191,24
35,Random,5437524746,23
35,Random,23836306506,25
35,Random,25949283222,23
35,Random,11103854144,22
35,Random,25881605474,25
35,Random,24418925714,23
35,Random,10932697445,25
35,Random,31919982142,23
35,Random,11470285411,21
35,Random,11144848722,26
35,Random,609572569,20
35,Random,21552542343,24
35,Random,2244908817,26
35,Random,12224286207,24
35,Random,6685430730,26
35,Random,32896529912,26
35,Random,1889597268,27
35,Random,16360808774,25
35,Random,34331398158,20
35,Random,19360518903,25
35,Random,33409962072,24
35,Random,17284814791,22
35,Random,30399812259,26
35,Random,14697373000,22
35,Random,10325862583,25
35,Random,7011419518,27
35,Random,4897622623,25
35,Random,6681533538,26
35,Random,18800640975,26
35,Random,23483626923,23
35,Random,1254840328,22
35,Random,31300280207,24
35,Random,9198265735,25
35,Random,29273716969,27
35,Random,2864250590,24
35,Random,7096997415,27
35,Random,14457424139,23
35,Random,13943819839,24
35,Random,34344461241,23
35,Random,9021037817,23
35,Random,28132458907,23
35,Random,24236518007,24
35,Random,6728211444,24
35,Random,13462392565,26
35,Random,672996104,25
35,Random,27758023567,27
35,Random,25050126550,24
35,Random,23068140656,25
35,Random,3595271865,26
35,Random,4842465829,24
35,Random,26029803818,22
35,Random,30190902888,25
35,Random,20242223460,26
35,Random,28968786218,23
35,Random,16754574400,23
35,Random,34218910421,24
35,Random,30007932086,24
35,Random,28293479954,24
35,Random,32579800835,27
35,Random,2695750836,26
35,Random,8565529523,25
35,Random,23729770167,25
35,Random,19369436058,24
35,Random,10457587568,28
35,Random,19792959763,24
35,Random,33323388567,24
35,Random,10030662296,25
35,Random,15468195188,25
35,Random,17097211216,27
35,Random,29103935580,26
35,Random,6495645080,25
35,Random,14348766219,23
35,Random,9822241576,25
36,Gradual,68719476735,11
36,Gradual,68702699519,15
36,Gradual,68702698495,17
36,Gradual,68702698491,17
36,Gradual,68702698490,18
36,Gradual,68702174202,19
36,Gradual,60112239610,21
36,Gradual,60112763898,20
36,Gradual,60112763834,19
36,Gradual,60112763898,20
36,Gradual,60112764922,20
36,Gradual,60112699386,19
36,Gradual,60112699384,20
36,Gradual,60112699388,19
36,Gradual,60112699356,20
36,Gradual,60112695260,20
36,Gradual,60112760796,20
36,Gradual,60112760780,20
36,Gradual,60112760776,21
36,Gradual,59978543048,25
36,Gradual,59978542920,25
36,Gradual,59441672008,26
36,Gradual,59441672040,26
36,Gradual,59441676136,24
36,Gradual,59441672040,26
36,Gradual,59437477736,25
36,Gradual,59441672040,26
36,Gradual,59441672008,26
36,Gradual,42261802824,25
36,Gradual,42261802952,26
36,Gradual,42261802954,25
36,Gradual,42194694090,25
36,Gradual,42194693834,25
36,Gradual,40047210186,21
36,Gradual,40047210218,20
36,Gradual,35752242922,21
36,Gradual,44342177514,20
36,Gradual,44342181610,20
36,Gradual,44342177514,20
36,Gradual,44342177002,23
36,Gradual,44342177018,23
36,Gradual,44342177019,22
36,Gradual,44342177017,22
36,Gradual,44308622585,23
36,Gradual,44308360441,23
36,Gradual,44308360425,23
36,Gradual,44304166121,25
36,Gradual,44304035049,24
36,Gradual,46451518697,27
36,Gradual,46451518689,26
36,Gradual,50746485985,26
36,Gradual,50746485984,27
36,Gradual,50746485856,28
36,Gradual,50746485864,26
36,Gradual,46451518568,26
36,Gradual,46183083112,27
36,Gradual,46183074920,26
36,Gradual,46182026344,26
36,Gradual,50476993640,26
36,Gradual,50481187944,25
36,Gradual,50481155176,25
36,Gradual,50482203752,27
36,Gradual,50482204008,26
36,Gradual,48334720360,26
36,Gradual,48334654824,25
36,Gradual,48326266216,25
36,Gradual,48460483944,27
36,Gradual,50607967592,27
36,Gradual,50876403048,27
36,Gradual,50872208744,27
36,Gradual,50872208746,26
36,Gradual,51409079658,23
36,Gradual,49261596010,24
36,Gradual,51409079658,23
36,Gradual,51408031082,26
36,Gradual,50334289258,25
36,Gradual,50334272874,24
36,Gradual,50334272810,25
36,Gradual,50334338346,24
36,Gradual,50334342442,26
36,Gradual,50334342443,26
36,Gradual,50334358827,23
36,Gradual,50333834539,23
36,Gradual,50333830443,25
36,Gradual,50334092587,25
36,Gradual,50334092579,25
36,Gradual,50334076195,25
36,Gradual,51407818019,24
36,Gradual,51407817763,24
36,Gradual,50870946851,25
36,Gradual,50870950947,25
36,Gradual,50870951075,24
36,Gradual,50870951331,24
36,Gradual,50602515875,26
36,Gradual,50602253731,25
36,Gradual,50468036003,22
36,Gradual,50476424611,27
36,Gradual,50476424610,28
36,Gradual,50476424482,27
36,Gradual,50610642210,25
36,Gradual,50610641954,24
36,Random,20033712452,25
36,Random,44477326966,26
36,Random,2107599029,23
36,Random,60538726905,25
36,Random,23525287563,26
36,Random,42125054940,25
36,Random,47765769605,27
36,Random,44487178730,25
36,Random,2020196763,25
36,Random,36465063264,25
36,Random,18285679750,25
36,Random,30716509576,25
36,Random,59971229929,26
36,Random,64420490831,24
36,Random,10217735797,26
36,Random,51959817841,26
36,Random,25783052083,24
36,Random,19507439914,24
36,Random,46439709359,23
36,Random,26593932200,26
36,Random,39351355030,23
36,Random,45594584133,26
36,Random,6066371200,26
36,Random,15647014846,25
36,Random,29354418644,24
36,Random,779614938,26
36,Random,31011756997,24
36,Random,63059122333,22
36,Random,9368387535,24
36,Random,1026549207,24
36,Random,41785592935,24
36,Random,53566919105,27
36,Random,47269729762,25
36,Random,28902373142,22
36,Random,32588497355,24
36,Random,44323437908,25
36,Random,43465690228,27
36,Random,57742220146,27
36,Random,2003807077,24
36,Random,17770504879,24
36,Random,43491474525,27
36,Random,8252344268,25
36,Random,20514209409,26
36,Random,46420971018,26
36,Random,29942087965,25
36,Random,3976304386,28
36,Random,20726106997,24
36,Random,35525310528,23
36,Random,7940069534,26
36,Random,49528171501,26
36,Random,43872791567,28
36,Random,50146226448,26
36,Random,6058747958,25
36,Random,42689673229,24
36,Random,66597854219,22
36,Random,15078150801,25
36,Random,297537094,24
36,Random,46527134158,22
36,Random,18852077144,26
36,Random,35616617303,25
36,Random,49517941891,27
36,Random,4625615367,26
36,Random,23970145434,26
36,Random,6107465466,25
36,Random,24367466536,23
36,Random,63940723877,25
36,Random,43956242968,27
36,Random,64176922556,25
36,Random,42762436133,28
36,Random,34052848511,20
36,Random,23199622422,26
36,Random,46167743429,24
36,Random,9844273857,25
36,Random,26619865570,25
36,Random,41560854233,26
36,Random,27531764722,27
36,Random,4458559854,27
36,Random,66933407064,24
36,Random,51695310930,24
36,Random,54429850981,26
36,Random,44201823379,20
36,Random,54339873213,25
36,Random,9345236621,26
36,Random,25160133481,22
36,Random,25097178316,23
36,Random,3975831722,26
36,Random,19545613085,27
36,Random,1837390201,23
36,Random,30109991402,25
36,Random,31518849252,25
36,Random,35365017867,25
36,Random,13859920757,26
36,Random,22872485705,22
36,Random,45078625837,25
36,Random,23679096066,25
36,Random,31519925358,25
36,Random,25965349360,27
36,Random,42025431909,25
36,Random,47046886343,24
36,Random,18378727661,25
37,Gradual,137438953471,12
37,Gradual,136902082559,15
37,Gradual,136767864831,15
37,Gradual,136767864823,17
37,Gradual,136767863799,18
37,Gradual,136734309367,18
37,Gradual,136734308855,21
37,Gradual,136734308851,19
37,Gradual,136734300659,21
37,Gradual,136734300595,21
37,Gradual,136734267827,21
37,Gradual,136733219251,23
37,Gradual,136733219255,24
37,Gradual,136732694967,22
37,Gradual,136732694966,21
37,Gradual,136732694838,23
37,Gradual,136732563766,23
37,Gradual,135658821942,23
37,Gradual,135658822006,23
37,Gradual,135793039734,23
37,Gradual,135793023350,24
37,Gradual,135793547638,26
37,Gradual,135789353334,24
37,Gradual,135789091190,25
37,Gradual,135789090934,26
37,Gradual,135789090902,27
37,Gradual,135789090910,27
37,Gradual,135789123678,25
37,Gradual,135654905950,26
37,Gradual,135654906462,26
37,Gradual,135654907486,25
37,Gradual,135654907470,26
37,Gradual,133507423822,27
37,Gradual,133507423854,27
37,Gradual,133641641582,27
37,Gradual,133641641710,26
37,Gradual,133642690286,25
37,Gradual,133642698478,24
37,Gradual,133642698414,25
37,Gradual,133642697390,24
37,Gradual,133642697646,24
37,Gradual,133575588782,23
37,Gradual,133642697646,24
37,Gradual,116462828462,24
37,Gradual,116462304174,25
37,Gradual,116466498478,25
37,Gradual,116467022766,26
37,Gradual,116399913902,25
37,Gradual,116399911854,26
37,Gradual,116399912878,26
37,Gradual,118547396526,25
37,Gradual,118539007918,25
37,Gradual,118547396526,25
37,Gradual,109957461934,23
37,Gradual,109953267630,22
37,Gradual,109684832174,26
37,Gradual,109684832190,26
37,Gradual,109684831934,25
37,Gradual,110758573758,25
37,Gradual,110758572734,26
37,Gradual,110758572732,26
37,Gradual,110758574780,24
37,Gradual,110758542012,25
37,Gradual,109684800188,28
37,Gradual,105389832892,27
37,Gradual,105389832888,26
37,Gradual,105388784312,27
37,Gradual,105422338744,26
37,Gradual,109717306040,28
37,Gradual,109716781752,28
37,Gradual,109714684600,26
37,Gradual,109580466872,26
37,Gradual,109580466874,25
37,Gradual,109647575738,25
37,Gradual,105352608442,27
37,Gradual,105352608698,25
37,Gradual,105353132986,25
37,Gradual,105353132858,27
37,Gradual,105319578426,25
37,Gradual,105588013882,25
37,Gradual,105588144954,25
37,Gradual,106125015866,24
37,Gradual,106125048634,25
37,Gradual,106127145786,25
37,Gradual,106118757178,27
37,Gradual,105850321722,24
37,Gradual,71490583354,22
37,Gradual,71490583322,23
37,Gradual,72564325146,25
37,Gradual,71490583322,23
37,Gradual,71490584346,24
37,Gradual,71490584330,22
37,Gradual,71490584322,23
37,Gradual,71490576130,24
37,Gradual,71490572034,24
37,Gradual,71490571010,24
37,Gradual,71490587394,24
37,Gradual,71490456322,23
37,Gradual,71758891778,26
37,Gradual,71490456322,23
37,Gradual,70953585410,23
37,Random,5260937469,25
37,Random,113165150978,25
37,Random,55101060271,26
37,Random,34106222998,25
37,Random,83697528016,25
37,Random,90557678268,24
37,Random,9089885658,27
37,Random,40258559325,26
37,Random,58735100310,26
37,Random,7913970351,26
37,Random,59515794970,24
37,Random,74361600069,24
37,Random,62112329659,24
37,Random,33296744400,24
37,Random,55935735153,27
37,Random,87617738344,24
37,Random,27405034710,27
37,Random,111785541915,24
37,Random,18904089633,24
37,Random,26797564467,28
37,Random,110619497209,28
37,Random,305594916,23
37,Random,32116248379,26
37,Random,24039432571,27
37,Random,6551277325,26
37,Random,83848491812,24
37,Random,73417000283,24
37,Random,86667275628,24
37,Random,119787570982,25
37,Random,73731939727,24
37,Random,52073156627,23
37,Random,130533212461,26
37,Random,70226266172,24
37,Random,22286152488,27
37,Random,81598165079,26
37,Random,7944399199,28
37,Random,84603235135,27
37,Random,78247081458,28
37,Random,104598755229,27
37,Random,28173394445,27
37,Random,64311715193,27
37,Random,38413147364,27
37,Random,96262460874,24
37,Random,84552351720,27
37,Random,49170439499,26
37,Random,6610560381,27
37,Random,2535993821,26
37,Random,25903143910,27
37,Random,113202434862,26
37,Random,110883727871,28
37,Random,67990809074,22
37,Random,71290684553,23
37,Random,110814986215,24
37,Random,71002256497,23
37,Random,18685536443,27
37,Random,41993418381,27
37,Random,25802610488,25
37,Random,46767378464,25
37,Random,71458845247,23
37,Random,77545543191,26
37,Random,20731115333,26
37,Random,132496729208,26
37,Random,61378259476,25
37,Random,81579261684,23
37,Random,134518657007,23
37,Random,84960249793,25
37,Random,22873058945,25
37,Random,122457568782,28
37,Random,98449296946,27
37,Random,96652338306,26
37,Random,84204372127,28
37,Random,95949502457,26
37,Random,130615389295,27
37,Random,83101054050,27
37,Random,35402887110,25
37,Random,114237143605,26
37,Random,122824347048,24
37,Random,52953873517,25
37,Random,4115717246,23
37,Random,68568266174,21
37,Random,60416963256,26
37,Random,76110042289,28
37,Random,113834149480,23
37,Random,56081413753,25
37,Random,123971740661,26
37,Random,52507656415,27
37,Random,16565955067,24
37,Random,19716538698,25
37,Random,62190050759,26
37,Random,69862528527,23
37,Random,54733423197,25
37,Random,77531669446,26
37,Random,34324203890,21
37,Random,26760206982,26
37,Random,70393795914,23
37,Random,31198532970,27
37,Random,47238751613,25
37,Random,33692496860,24
37,Random,38566024671,24
37,Random,63671625562,25
38,Gradual,274877906943,12
38,Gradual,206158430207,13
38,Gradual,206158430143,14
38,Gradual,206157905855,15
38,Gradual,197567971263,18
38,Gradual,197567971327,18
38,Gradual,197433753599,19
38,Gradual,266153230335,20
38,Gradual,266153229311,22
38,Gradual,265616358399,22
38,Gradual,265599581183,22
38,Gradual,266136452095,24
38,Gradual,266136452093,22
38,Gradual,266136452089,25
38,Gradual,274726386681,20
38,Gradual,274726386683,19
38,Gradual,274722192379,19
38,Gradual,274722192123,20
38,Gradual,274722192059,20
38,Gradual,274722126523,21
38,Gradual,274722650811,22
38,Gradual,274722650875,19
38,Gradual,274722650747,22
38,Gradual,274722519675,23
38,Gradual,274722585211,21
38,Gradual,274739362427,18
38,Gradual,274739362425,20
38,Gradual,274738838137,22
38,Gradual,272591354489,24
38,Gradual,272591354457,23
38,Gradual,272591352409,24
38,Gradual,272591483481,23
38,Gradual,272591482969,24
38,Gradual,268296515673,26
38,Gradual,268262961241,26
38,Gradual,268397178969,24
38,Gradual,268397179097,25
38,Gradual,268397113561,24
38,Gradual,268397179097,25
38,Gradual,268397170905,26
38,Gradual,268397172953,24
38,Gradual,268397697241,25
38,Gradual,267860826329,26
38,Gradual,267860826333,26
38,Gradual,267860695261,25
38,Gradual,267860170973,24
38,Gradual,267859122397,25
38,Gradual,267859122396,25
38,Gradual,233499384028,25
38,Gradual,164779907292,25
38,Gradual,164779907804,24
38,Gradual,164779907292,25
38,Gradual,164779907284,25
38,Gradual,199139645652,25
38,Gradual,199139646164,24
38,Gradual,199676517076,27
38,Gradual,182496647892,26
38,Gradual,182496647876,27
38,Gradual,182496647878,27
38,Gradual,182496643782,28
38,Gradual,182497168070,27
38,Gradual,199677037254,27
38,Gradual,199677041350,25
38,Gradual,165317302982,23
38,Gradual,165183085254,24
38,Gradual,199542823622,24
38,Gradual,268262300358,24
38,Gradual,268262300354,24
38,Gradual,268262300362,23
38,Gradual,268195191498,26
38,Gradual,251015322314,29
38,Gradual,251015321802,29
38,Gradual,251014797514,27
38,Gradual,251014797530,26
38,Gradual,216655059162,25
38,Gradual,216655060186,26
38,Gradual,218802543834,28
38,Gradual,216655060186,26
38,Gradual,216118189274,26
38,Gradual,216118189272,26
38,Gradual,216118189208,26
38,Gradual,207528254616,26
38,Gradual,211823221912,26
38,Gradual,211823221914,26
38,Gradual,211823221946,25
38,Gradual,211823221938,26
38,Gradual,211554786482,27
38,Gradual,211554524338,27
38,Gradual,220144458930,27
38,Gradual,220144983218,27
38,Gradual,220144983090,27
38,Gradual,220144983074,27
38,Gradual,215850015778,28
38,Gradual,215847918626,26
38,Gradual,215982136354,22
38,Gradual,215847918626,26
38,Gradual,215848180770,26
38,Gradual,215848178722,26
38,Gradual,215848178786,26
38,Gradual,215848174690,24
38,Gradual,216385045602,24
38,Random,220560091468,26
38,Random,265417276024,27
38,Random,27022321220,24
38,Random,239998090137,24
38,Random,6217492426,24
38,Random,28986013216,27
38,Random,135293906586,22
38,Random,205479519,24
38,Random,136010690887,23
38,Random,136228324105,24
38,Random,208124759849,25
38,Random,138242681040,25
38,Random,153078574618,27
38,Random,115690227601,25
38,Random,128774386138,29
38,Random,29415516731,26
38,Random,159368651348,25
38,Random,76415637658,29
38,Random,16353122295,26
38,Random,104278295894,27
38,Random,227884430567,24
38,Random,151087753489,26
38,Random,94723920029,29
38,Random,170395911527,26
38,Random,45312930184,25
38,Random,144976681977,28
38,Random,244788617085,25
38,Random,75346449041,25
38,Random,45200568330,25
38,Random,93012854087,24
38,Random,81905443662,26
38,Random,255384206350,25
38,Random,231147859624,24
38,Random,245520359211,25
38,Random,7242511185,24
38,Random,269964279731,22
38,Random,68335788780,24
38,Random,103355508077,25
38,Random,176750594296,25
38,Random,135858422379,29
38,Random,272548028549,24
38,Random,203515236468,27
38,Random,6321067261,27
38,Random,249281761657,25
38,Random,197886146563,26
38,Random,235876093338,26
38,Random,165582496627,27
38,Random,183069601824,24
38,Random,206500264639,22
38,Random,221835736967,28
38,Random,62043294706,25
38,Random,194852509285,26
38,Random,165518460586,26
38,Random,62932536691,26
38,Random,134768913663,23
38,Random,43178052805,24
38,Random,150156363791,26
38,Random,170801283498,25
38,Random,6748986667,25
38,Random,196421028104,22
38,Random,150170785370,29
38,Random,67559062103,23
38,Random,3421458538,25
38,Random,76613869307,28
38,Random,29129644533,26
38,Random,102945644228,24
38,Random,90890560027,22
38,Random,59138353464,27
38,Random,29276661403,24
38,Random,135552909364,23
38,Random,135715088635,23
38,Random,86578456581,24
38,Random,125784390852,24
38,Random,170345261954,27
38,Random,39374109625,25
38,Random,212658736361,27
38,Random,240205141711,25
38,Random,201367484854,24
38,Random,272380078647,26
38,Random,153956735708,26
38,Random,90086548041,26
38,Random,189348481068,23
38,Random,104204686523,23
38,Random,158827116002,25
38,Random,238529707476,27
38,Random,104440291585,25
38,Random,259017753810,25
38,Random,235634652741,24
38,Random,165869750475,28
38,Random,266470583165,26
38,Random,194698942767,25
38,Random,193647183476,25
38,Random,182155519681,24
38,Random,183089390749,24
38,Random,272877151743,23
38,Random,202563569897,29
38,Random,41287484327,25
38,Random,202322591306,26
38,Random,165359937932,27
38,Random,191153612657,27
39,Gradual,549755813887,12
39,Gradual,515396075519,14
39,Gradual,515396075518,15
39,Gradual,514859204606,19
39,Gradual,514859204604,20
39,Gradual,514859204606,19
39,Gradual,513785462782,20
39,Gradual,513785462783,19
39,Gradual,513785397247,22
39,Gradual,513785135103,24
39,Gradual,513718026239,23
39,Gradual,513718026111,23
39,Gradual,513715928959,24
39,Gradual,513715928957,25
39,Gradual,513715929085,25
39,Gradual,444996452349,24
39,Gradual,444996452348,24
39,Gradual,307557498876,24
39,Gradual,307557466108,24
39,Gradual,307556941820,25
39,Gradual,307557466108,24
39,Gradual,307556417532,25
39,Gradual,307555893244,25
39,Gradual,290376024060,26
39,Gradual,290377072636,25
39,Gradual,290377056252,27
39,Gradual,427816009724,28
39,Gradual,428352880636,26
39,Gradual,428352880508,26
39,Gradual,428352946044,26
39,Gradual,427816075132,28
39,Gradual,427816075128,28
39,Gradual,425668591480,27
39,Gradual,417078656888,26
39,Gradual,417045102456,27
39,Gradual,417581973368,25
39,Gradual,417581973496,24
39,Gradual,486301450232,26
39,Gradual,486301450104,27
39,Gradual,486301450072,26
39,Gradual,486301449560,28
39,Gradual,487375191384,29
39,Gradual,483080224088,26
39,Gradual,483080486232,27
39,Gradual,483080484184,27
39,Gradual,483080484696,26
39,Gradual,483081008984,26
39,Gradual,483081011032,26
39,Gradual,483081002840,26
39,Gradual,483081002328,26
39,Gradual,483080478040,26
39,Gradual,483114032472,25
39,Gradual,482979814744,27
39,Gradual,345540861272,28
39,Gradual,345532472664,27
39,Gradual,345528278360,26
39,Gradual,345528278488,26
39,Gradual,362708147672,27
39,Gradual,362708146648,28
39,Gradual,362674592216,26
39,Gradual,362676689368,26
39,Gradual,345496820184,26
39,Gradual,345496821208,25
39,Gradual,344423079384,25
39,Gradual,344422030808,25
39,Gradual,344455585240,25
39,Gradual,344455601624,26
39,Gradual,344455601656,26
39,Gradual,344455601592,26
39,Gradual,344456650168,24
39,Gradual,346604133816,27
39,Gradual,346603085240,29
39,Gradual,484042038712,28
39,Gradual,481894555064,26
39,Gradual,344455601592,26
39,Gradual,344455609784,26
39,Gradual,344522718648,26
39,Gradual,344455609784,26
39,Gradual,275736133048,24
39,Gradual,277883616696,26
39,Gradual,277883616568,26
39,Gradual,277883616560,27
39,Gradual,275736132912,24
39,Gradual,275702578480,25
39,Gradual,275702316336,25
39,Gradual,275706510640,24
39,Gradual,275702316336,25
39,Gradual,413141269808,25
39,Gradual,413141269816,25
39,Gradual,412872834360,26
39,Gradual,412856057144,24
39,Gradual,412856057128,24
39,Gradual,412860251432,24
39,Gradual,412860120360,25
39,Gradual,447219858728,27
39,Gradual,447219989800,27
39,Gradual,447219924264,27
39,Gradual,447219957032,27
39,Gradual,447219956776,27
39,Gradual,447219956768,25
39,Gradual,455809891360,23
39,Random,33828353848,27
39,Random,16404938462,24
39,Random,277743161613,22
39,Random,339124007930,25
39,Random,318796682216,26
39,Random,52752790490,26
39,Random,162882026575,28
39,Random,336038950562,28
39,Random,270463660425,22
39,Random,429031676274,25
39,Random,384559447072,25
39,Random,175748699881,29
39,Random,36322710531,27
39,Random,489004723777,29
39,Random,112923823830,28
39,Random,172487335347,26
39,Random,298073054330,28
39,Random,11131737831,28
39,Random,423041574922,25
39,Random,462413743372,24
39,Random,511629328636,25
39,Random,308538547321,29
39,Random,357505046665,24
39,Random,477193768675,26
39,Random,197983672197,25
39,Random,268373293252,24
39,Random,8871429670,23
39,Random,403397088541,28
39,Random,227335275169,29
39,Random,29733939416,26
39,Random,275160311306,24
39,Random,337720461999,28
39,Random,544881914891,26
39,Random,70071043842,25
39,Random,101480915704,25
39,Random,135414014991,27
39,Random,19213879774,23
39,Random,6622751177,24
39,Random,294055004486,27
39,Random,147189293234,26
39,Random,410340198405,25
39,Random,159418095071,27
39,Random,53287053549,28
39,Random,353288779985,25
39,Random,180924870163,25
39,Random,3711732545,27
39,Random,453086698896,29
39,Random,74202968331,26
39,Random,378255698204,26
39,Random,503727796681,23
39,Random,500686675959,23
39,Random,449927046907,26
39,Random,34157078392,25
39,Random,473734805315,27
39,Random,54539895590,23
39,Random,391594447462,22
39,Random,196495054533,24
39,Random,21723471011,27
39,Random,377679425912,26
39,Random,218723911699,29
39,Random,113507089883,26
39,Random,232496745659,27
39,Random,350868223971,27
39,Random,397651189273,28
39,Random,204852362923,27
39,Random,365465815374,25
39,Random,281292968387,24
39,Random,342026967411,27
39,Random,518517731386,27
39,Random,438031878117,22
39,Random,428382292547,28
39,Random,99182244316,24
39,Random,377108931892,26
39,Random,48167252250,28
39,Random,352920140694,26
39,Random,222301222630,26
39,Random,208407047377,26
39,Random,216999087790,27
39,Random,494472750440,26
39,Random,419360826988,25
39,Random,185253664341,26
39,Random,94108116012,27
39,Random,520457282080,26
39,Random,513493070164,26
39,Random,77120720475,30
39,Random,221797273542,29
39,Random,12850057738,25
39,Random,334344169687,28
39,Random,127326897690,27
39,Random,71797415537,26
39,Random,231793384376,27
39,Random,63063097484,27
39,Random,142880471939,28
39,Random,219905393114,25
39,Random,71693012610,29
39,Random,437361681640,30
39,Random,286119633097,26
39,Random,89595664064,27
39,Random,518897362072,26
39,Random,321411096020,25
40,Gradual,1099511627775,12
40,Gradual,1099511627773,14
40,Gradual,1099511627517,14
40,Gradual,1099507433213,16
40,Gradual,1099499044605,17
40,Gradual,1099499044477,17
40,Gradual,1099499044445,19
40,Gradual,1099499044447,17
40,Gradual,1099431935583,22
40,Gradual,1099431935519,21
40,Gradual,1099431935775,20
40,Gradual,1098358193951,21
40,Gradual,1098358062879,22
40,Gradual,1098324508447,23
40,Gradual,1098324500255,23
40,Gradual,1098324500239,23
40,Gradual,1098324500367,22
40,Gradual,1098324500383,21
40,Gradual,1098323451807,21
40,Gradual,1098323451803,22
40,Gradual,1099397193627,22
40,Gradual,1099397160859,22
40,Gradual,1082217291675,27
40,Gradual,1080069808027,26
40,Gradual,1080069808011,26
40,Gradual,1080069808015,26
40,Gradual,1079935590287,28
40,Gradual,1079935589775,28
40,Gradual,1079935589647,29
40,Gradual,1080069807375,26
40,Gradual,1078996065551,28
40,Gradual,1078996061455,27
40,Gradual,804118154511,27
40,Gradual,804118152463,27
40,Gradual,804118086927,28
40,Gradual,804118070543,29
40,Gradual,804117546255,26
40,Gradual,804117546287,26
40,Gradual,804117284143,26
40,Gradual,804117316911,28
40,Gradual,804117284143,26
40,Gradual,804117284159,26
40,Gradual,806264767807,22
40,Gradual,806265292095,24
40,Gradual,806265292079,24
40,Gradual,797675357487,26
40,Gradual,806265292079,24
40,Gradual,806265292078,24
40,Gradual,806265300270,23
40,Gradual,737545823534,23
40,Gradual,735398339886,26
40,Gradual,735396242734,27
40,Gradual,735429797166,26
40,Gradual,735429797678,26
40,Gradual,735429830446,26
40,Gradual,701070092078,29
40,Gradual,701070091566,28
40,Gradual,701070083374,29
40,Gradual,701137192238,29
40,Gradual,701137194286,29
40,Gradual,701137194284,28
40,Gradual,718317063468,28
40,Gradual,752676801836,28
40,Gradual,744086867244,28
40,Gradual,812806343980,27
40,Gradual,812537908524,27
40,Gradual,812537908520,26
40,Gradual,812537908524,27
40,Gradual,812538957100,27
40,Gradual,812538957101,27
40,Gradual,812538973485,26
40,Gradual,812002102573,26
40,Gradual,812002102589,25
40,Gradual,812010491197,29
40,Gradual,812014685501,29
40,Gradual,812014685469,28
40,Gradual,811981131037,26
40,Gradual,820571065629,26
40,Gradual,820571065628,26
40,Gradual,820571065630,26
40,Gradual,820562677022,26
40,Gradual,820562677150,26
40,Gradual,820562660766,27
40,Gradual,816267693470,27
40,Gradual,816267759006,26
40,Gradual,816536194462,26
40,Gradual,782176456094,26
40,Gradual,782176456078,26
40,Gradual,782176464270,27
40,Gradual,782109355406,27
40,Gradual,782109355470,28
40,Gradual,782109355982,28
40,Gradual,782109618126,27
40,Gradual,782109618118,27
40,Gradual,782109616070,26
40,Gradual,781841180614,28
40,Gradual,816200918982,27
40,Gradual,816200918998,27
40,Gradual,816200910806,27
40,Gradual,816200910802,27
40,Gradual,807610976210,28
40,Random,723206030527,27
40,Random,994873984976,28
40,Random,193093648067,27
40,Random,958736166834,25
40,Random,1026654007848,28
40,Random,884039597682,27
40,Random,732645776210,22
40,Random,1083487101080,26
40,Random,570638454562,25
40,Random,49438640219,27
40,Random,985285367578,26
40,Random,971337139777,25
40,Random,459040054766,25
40,Random,408520509552,27
40,Random,566021274041,24
40,Random,621678849161,27
40,Random,753415264441,28
40,Random,626067730407,25
40,Random,968633336944,23
40,Random,708368877423,26
40,Random,296600362218,30
40,Random,13775758744,22
40,Random,879718134485,23
40,Random,694551315932,28
40,Random,715582949858,28
40,Random,139322500260,24
40,Random,742382861563,25
40,Random,312276614168,26
40,Random,1052485784094,25
40,Random,1029368392875,26
40,Random,176435716714,24
40,Random,713193961832,28
40,Random,633536754304,26
40,Random,176613739835,26
40,Random,535233896654,26
40,Random,722078417945,26
40,Random,40866356412,27
40,Random,496995492734,27
40,Random,757339129242,26
40,Random,246958029468,30
40,Random,331436510406,28
40,Random,805725192371,27
40,Random,208444221612,26
40,Random,832564166676,24
40,Random,748761440903,27
40,Random,670370432058,28
40,Random,603811698344,27
40,Random,767018144326,28
40,Random,890764170629,29
40,Random,358201523354,27
40,Random,272440701561,25
40,Random,819851140754,26
40,Random,373417082497,26
40,Random,771668393601,28
40,Random,52592573364,25
40,Random,8987728712,25
40,Random,1011069195670,24
40,Random,811719903444,24
40,Random,366291376876,22
40,Random,150297461498,26
40,Random,704320424391,25
40,Random,1025396926665,26
40,Random,846025563228,28
40,Random,618827727572,24
40,Random,275511950205,23
40,Random,365465968798,25
40,Random,402301146526,28
40,Random,818855339317,23
40,Random,958409927521,27
40,Random,204283499085,26
40,Random,925056439063,28
40,Random,528874434828,27
40,Random,122793719387,26
40,Random,495457988098,28
40,Random,89545582454,28
40,Random,603453125291,27
40,Random,928547319200,26
40,Random,833949660692,25
40,Random,90279455791,26
40,Random,765472861309,29
40,Random,835906308525,27
40,Random,387488833790,27
40,Random,446997486649,28
40,Random,753453551792,25
40,Random,1025747218146,25
40,Random,922947325901,26
40,Random,406085903431,30
40,Random,579147176365,28
40,Random,641419289731,23
40,Random,609412734192,29
40,Random,168262119668,26
40,Random,443221751549,27
40,Random,1087654020034,24
40,Random,1015708181542,28
40,Random,380399461687,27
40,Random,153183663616,27
40,Random,883758261395,26
40,Random,781385789412,28
40,Random,422955814075,29
40,Random,303783370627,27
41,Gradual,2199023255551,12
41,Gradual,2199023124479,14
41,Gradual,2199023124447,14
41,Gradual,2199022600159,17
41,Gradual,2199022596063,18
41,Gradual,2199022587871,20
41,Gradual,2199018393567,21
41,Gradual,2199018328031,21
41,Gradual,2164658589663,24
41,Gradual,2164650201055,24
41,Gradual,2164650201087,23
41,Gradual,2164650201071,24
41,Gradual,2164650168303,26
41,Gradual,2027211214831,26
41,Gradual,2018621280239,26
41,Gradual,2018604503023,26
41,Gradual,2018602405871,24
41,Gradual,2018610794479,24
41,Gradual,2018609745903,24
41,Gradual,2018341310447,27
41,Gradual,2018341834735,29
41,Gradual,2018341834731,30
41,Gradual,2018343931883,27
41,Gradual,2018341834731,30
41,Gradual,2026931769323,27
41,Gradual,2026864660459,26
41,Gradual,2022569693163,28
41,Gradual,2022586470379,27
41,Gradual,2022586470377,27
41,Gradual,2020438986729,27
41,Gradual,2020438986601,30
41,Gradual,2020438986537,28
41,Gradual,2020443180841,26
41,Gradual,2020438986537,28
41,Gradual,1951719509801,27
41,Gradual,1951719493417,27
41,Gradual,1951719493385,26
41,Gradual,1986079231753,27
41,Gradual,1986070843145,28
41,Gradual,1990365810441,28
41,Gradual,1440609996553,28
41,Gradual,1440612093705,27
41,Gradual,1440880529161,27
41,Gradual,1440947638025,28
41,Gradual,1440947638027,27
41,Gradual,1440947637771,28
41,Gradual,1406587899403,30
41,Gradual,1406587964939,30
41,Gradual,1406587964427,31
41,Gradual,1956343778315,31
41,Gradual,1956343777291,31
41,Gradual,1956343777290,30
41,Gradual,1956343908362,29
41,Gradual,1956343916554,27
41,Gradual,1956343916558,27
41,Gradual,1956343392270,29
41,Gradual,1956343392268,31
41,Gradual,1956343392524,29
41,Gradual,1956343384332,28
41,Gradual,1956343384333,29
41,Gradual,1956309829901,30
41,Gradual,1956309829917,28
41,Gradual,1956309829916,28
41,Gradual,1956309829980,29
41,Gradual,1956309829964,30
41,Gradual,1990669568332,30
41,Gradual,1982079633740,29
41,Gradual,1982079633756,29
41,Gradual,1982079633752,29
41,Gradual,1982079568216,28
41,Gradual,1982077471064,27
41,Gradual,1990667405656,28
41,Gradual,1990667405660,29
41,Gradual,1990667405662,28
41,Gradual,1990130534750,28
41,Gradual,1715252627806,29
41,Gradual,1715252628830,28
41,Gradual,1715789499742,27
41,Gradual,1715797888350,27
41,Gradual,1715797896542,28
41,Gradual,1715797962078,28
41,Gradual,1715663744350,29
41,Gradual,1698483875166,29
41,Gradual,1694188907870,30
41,Gradual,1694180519262,30
41,Gradual,1694180519254,29
41,Gradual,1693106777430,27
41,Gradual,1693108874582,27
41,Gradual,1967986781526,27
41,Gradual,1967986781654,27
41,Gradual,1967986773462,29
41,Gradual,1967986789846,28
41,Gradual,1967986789842,28
41,Gradual,1985166659026,28
41,Gradual,1985099550162,26
41,Gradual,1985100074450,28
41,Gradual,1985100074458,28
41,Gradual,1985099550170,26
41,Gradual,1984562679258,25
41,Gradual,1984596233690,27
41,Gradual,1984596233674,28
41,Random,635158426922,26
41,Random,169241062607,26
41,Random,1446614762590,24
41,Random,2174501479142,27
41,Random,923177429232,25
41,Random,1010075797039,28
41,Random,1823884688696,24
41,Random,1163946984457,27
41,Random,1121962859292,26
41,Random,2154647433383,25
41,Random,569507940902,23
41,Random,152890904735,26
41,Random,660124221962,26
41,Random,2024775725204,25
41,Random,64543786820,24
41,Random,579603156949,30
41,Random,828584100051,27
41,Random,1000419041467,29
41,Random,765229695252,27
41,Random,1239463183839,29
41,Random,1695162920216,23
41,Random,2147729624939,26
41,Random,1426247393632,27
41,Random,978591068849,26
41,Random,88790143015,27
41,Random,11993598815,25
41,Random,1802259353245,25
41,Random,637975283121,22
41,Random,439092620543,26
41,Random,1603307647785,25
41,Random,1632389785376,26
41,Random,1308862794706,30
41,Random,528575144797,25
41,Random,1400540116567,28
41,Random,560975110555,28
41,Random,1380405901188,28
41,Random,1262949502088,27
41,Random,1295273219736,27
41,Random,950219574671,25
41,Random,314642674149,24
41,Random,1924373640094,25
41,Random,1102268575762,24
41,Random,1289610833494,28
41,Random,1561379220857,27
41,Random,923628718391,29
41,Random,1443118991195,26
41,Random,935518594955,28
41,Random,502958970252,25
41,Random,1128221470205,26
41,Random,1034465373740,26
41,Random,234294375717,26
41,Random,875561438707,30
41,Random,1869996624271,28
41,Random,1640867092384,26
41,Random,1770620553214,29
41,Random,1109540302396,24
41,Random,110597722701,26
41,Random,885609342157,25
41,Random,639072798595,27
41,Random,423563250846,27
41,Random,1627545654258,26
41,Random,749693691229,26
41,Random,1998020426076,27
41,Random,811788520768,28
41,Random,1998911368347,26
41,Random,1032104054998,26
41,Random,141060753560,30
41,Random,1072533847763,23
41,Random,214664135750,27
41,Random,721122872190,28
41,Random,1440969993231,26
41,Random,584329723248,27
41,Random,1328531439995,24
41,Random,333276966183,26
41,Random,1262413105953,25
41,Random,1324983059844,29
41,Random,1399658032985,28
41,Random,905967805194,30
41,Random,99192992002,28
41,Random,1624335711184,28
41,Random,6483514791,25
41,Random,465521187165,23
41,Random,1545884617048,28
41,Random,111309665546,26
41,Random,425536087951,26
41,Random,370642014741,27
41,Random,1401942911646,28
41,Random,483893842729,25
41,Random,1287881124840,27
41,Random,341876776374,27
41,Random,840057471982,26
41,Random,1256282897832,25
41,Random,286087215895,28
41,Random,556322869346,25
41,Random,2173301606786,26
41,Random,2072788080156,30
41,Random,57319559977,27
41,Random,544480916306,26
41,Random,1948619597879,29
41,Random,758911307437,27
42,Gradual,4398046511103,12
42,Gradual,4397509640191,15
42,Gradual,4397509638143,17
42,Gradual,4397509605375,18
42,Gradual,4397505411071,17
42,Gradual,4397505411039,17
42,Gradual,4397509605343,19
42,Gradual,4397509605335,20
42,Gradual,4397509638103,19
42,Gradual,4397375420375,18
42,Gradual,4397375420119,20
42,Gradual,4122497513175,22
42,Gradual,4122497513207,22
42,Gradual,4122497496823,22
42,Gradual,4122497496695,24
42,Gradual,3022985868919,23
42,Gradual,3022985868917,22
42,Gradual,3022984820341,23
42,Gradual,3022984820597,24
42,Gradual,3022976431989,24
42,Gradual,3022976431973,25
42,Gradual,3022942877541,24
42,Gradual,2988583139173,25
42,Gradual,2988583138149,27
42,Gradual,3263461045093,25
42,Gradual,3263595262821,25
42,Gradual,3263595258725,26
42,Gradual,3263595260773,24
42,Gradual,3263596309349,26
42,Gradual,3126157355877,27
42,Gradual,3126157353829,27
42,Gradual,3126157222757,27
42,Gradual,3121862255461,27
42,Gradual,3104682386277,29
42,Gradual,3104682517349,28
42,Gradual,3104716071781,28
42,Gradual,3104648962917,26
42,Gradual,3104646865765,27
42,Gradual,3104646865773,26
42,Gradual,3108941833069,26
42,Gradual,3108941308781,27
42,Gradual,3108941325165,27
42,Gradual,3108672889709,29
42,Gradual,3100082955117,29
42,Gradual,3237521908589,26
42,Gradual,3237521908077,28
42,Gradual,3237521910125,28
42,Gradual,3237790345581,26
42,Gradual,3237786151277,27
42,Gradual,3272145889645,26
42,Gradual,3272145893741,26
42,Gradual,3272145893709,28
42,Gradual,3272112339277,28
42,Gradual,3272112339789,28
42,Gradual,3272112323405,28
42,Gradual,3272112321357,26
42,Gradual,3272649192269,25
42,Gradual,2722893378381,25
42,Gradual,2722960487245,26
42,Gradual,2722960479053,25
42,Gradual,3272716292941,25
42,Gradual,3270568809293,27
42,Gradual,3270568817485,27
42,Gradual,3270568817613,27
42,Gradual,3287748686797,27
42,Gradual,3287748686789,26
42,Gradual,3289896170437,26
42,Gradual,3285601203141,24
42,Gradual,3285601203077,25
42,Gradual,3285605397381,24
42,Gradual,3285605398405,23
42,Gradual,3285336962949,25
42,Gradual,3285336962981,25
42,Gradual,3285336965029,26
42,Gradual,3285202747301,24
42,Gradual,3285135638437,26
42,Gradual,3250775900069,29
42,Gradual,3250759122853,28
42,Gradual,3250792677285,27
42,Gradual,3250788482981,29
42,Gradual,3250788351909,30
42,Gradual,3250788350885,30
42,Gradual,3113349397413,27
42,Gradual,3113351494565,29
42,Gradual,2838473587621,27
42,Gradual,2288717773733,29
42,Gradual,2288717773732,29
42,Gradual,2288717511588,27
42,Gradual,2288717507492,29
42,Gradual,2288784616356,27
42,Gradual,2293079583652,27
42,Gradual,2293079550884,25
42,Gradual,2293045996452,26
42,Gradual,2293050190756,27
42,Gradual,2293050191780,28
42,Gradual,2293050191524,29
42,Gradual,2301640126116,28
42,Gradual,2299492642468,28
42,Gradual,2299492634276,28
42,Gradual,2230773157540,26
42,Gradual,2230773157028,25
42,Random,805987696311,27
42,Random,1940698486625,27
42,Random,1427665362318,29
42,Random,2584100903764,25
42,Random,4184716668735,26
42,Random,2147937155256,25
42,Random,1113918026645,26
42,Random,1998945102059,28
42,Random,2000505398691,28
42,Random,3624576607231,25
42,Random,4129367262474,25
42,Random,873106156455,27
42,Random,389941676449,27
42,Random,3290855891617,25
42,Random,1755382201769,27
42,Random,4046720838416,28
42,Random,963851275939,26
42,Random,1799152785205,26
42,Random,1369359174659,29
42,Random,1808921662145,25
42,Random,3477076634830,28
42,Random,3525043596632,30
42,Random,571940166010,25
42,Random,2971266930306,29
42,Random,2417553332565,26
42,Random,2740291169803,26
42,Random,260690236674,25
42,Random,153816340874,27
42,Random,2458608817970,28
42,Random,1632951148786,27
42,Random,3347730909086,27
42,Random,4265072009868,23
42,Random,1719393041200,30
42,Random,2704368940063,30
42,Random,2692091870067,27
42,Random,1021344612546,29
42,Random,1575306376710,28
42,Random,2265117136450,26
42,Random,139016949563,31
42,Random,660177794795,23
42,Random,3948755735779,28
42,Random,4258888972061,25
42,Random,3416184774369,27
42,Random,1242239296906,27
42,Random,2581691005736,27
42,Random,1312101130520,29
42,Random,937613099197,28
42,Random,2102929992595,28
42,Random,879487247546,24
42,Random,927265941191,25
42,Random,1863480859033,26
42,Random,4077330308825,25
42,Random,3677176227359,27
42,Random,3594557744298,27
42,Random,1597198376819,27
42,Random,1349808942371,27
42,Random,982116454287,25
42,Random,3335669523742,26
42,Random,1367417247604,28
42,Random,1850306672027,28
42,Random,4062570094926,28
42,Random,3056296221311,27
42,Random,2864019329104,25
42,Random,1470952685184,27
42,Random,2614886973224,29
42,Random,3985608935331,26
42,Random,2065532985293,24
42,Random,1554590778062,27
42,Random,439124215220,28
42,Random,2979119811089,26
42,Random,2815741081928,27
42,Random,209623407355,27
42,Random,1165476849949,27
42,Random,2144020950587,22
42,Random,1463343222162,22
42,Random,3690563488829,26
42,Random,1077918668826,27
42,Random,2611959617370,28
42,Random,75930316333,27
42,Random,1054015201766,27
42,Random,1185524538533,29
42,Random,645388372528,25
42,Random,1560891986494,27
42,Random,2677215224727,27
42,Random,2205737268337,26
42,Random,2411692791062,29
42,Random,849258806471,29
42,Random,3621397661563,26
42,Random,4161916788839,26
42,Random,638728523266,26
42,Random,2171195215722,26
42,Random,168655947183,29
42,Random,4110794177837,29
42,Random,1631170396971,24
42,Random,2917032587799,27
42,Random,3854443239886,27
42,Random,1367482957256,27
42,Random,2940224973676,27
42,Random,3596029914670,28
42,Random,1871795082988,26
43,Gradual,8796093022207,12
43,Gradual,6597069766655,13
43,Gradual,6579889897471,16
43,Gradual,6579889373183,19
43,Gradual,6579352502271,19
43,Gradual,6570762567679,20
43,Gradual,6570762567615,20
43,Gradual,6570762567613,22
43,Gradual,6536402829245,24
43,Gradual,6536402763709,24
43,Gradual,6467683286973,23
43,Gradual,6467679092669,26
43,Gradual,6467645538237,24
43,Gradual,6467645521853,25
43,Gradual,6467645587389,24
43,Gradual,6468182458301,24
43,Gradual,6466034974653,25
43,Gradual,6466034974655,24
43,Gradual,6466034974527,26
43,Gradual,6466035498815,25
43,Gradual,6466039693119,24
43,Gradual,6483219562303,25
43,Gradual,6483219529535,25
43,Gradual,6483219545919,25
43,Gradual,6483219545407,26
43,Gradual,5383707917631,27
43,Gradual,5108830010687,24
43,Gradual,5108813233471,25
43,Gradual,5108813167935,25
43,Gradual,5108829945151,25
43,Gradual,5108561509695,25
43,Gradual,5108561542463,24
43,Gradual,5108559445311,25
43,Gradual,5107485703487,24
43,Gradual,5107485670719,24
43,Gradual,5107485670715,24
43,Gradual,7306508926267,23
43,Gradual,7308656409915,25
43,Gradual,7308656409914,25
43,Gradual,7306508926266,24
43,Gradual,7375228403002,25
43,Gradual,7375228403006,23
43,Gradual,7383818337598,24
43,Gradual,6834062523710,27
43,Gradual,6834054135102,27
43,Gradual,6833987026238,27
43,Gradual,6829692058942,29
43,Gradual,7379447872830,26
43,Gradual,7379447872828,28
43,Gradual,7380521614652,26
43,Gradual,7380521614653,25
43,Gradual,7380521614645,26
43,Gradual,7380521483573,26
43,Gradual,7380521475381,25
43,Gradual,7380521475125,25
43,Gradual,7655399382069,28
43,Gradual,7655399447605,27
43,Gradual,7105643633717,29
43,Gradual,7105643633973,28
43,Gradual,7097053699381,28
43,Gradual,7097052650805,28
43,Gradual,7097052388661,28
43,Gradual,7028332911925,27
43,Gradual,7028332944693,28
43,Gradual,7036922879285,25
43,Gradual,7036931267893,25
43,Gradual,7036931267901,24
43,Gradual,7036930743613,25
43,Gradual,7041225710909,25
43,Gradual,7041217322301,27
43,Gradual,7041217321277,28
43,Gradual,7109936798013,29
43,Gradual,7109938895165,29
43,Gradual,7109938878781,30
43,Gradual,7109938878783,29
43,Gradual,8209450506559,28
43,Gradual,8209450507583,27
43,Gradual,8209450769727,25
43,Gradual,8209450704191,26
43,Gradual,8209484258623,26
43,Gradual,8243843996991,26
43,Gradual,8239549029695,27
43,Gradual,8239557418303,26
43,Gradual,8238483676479,29
43,Gradual,6039460420927,27
43,Gradual,6039460945215,29
43,Gradual,6030871010623,28
43,Gradual,6030872059199,28
43,Gradual,5893433105727,27
43,Gradual,5893500214591,27
43,Gradual,5893500214583,27
43,Gradual,5893483437367,28
43,Gradual,5618605530423,30
43,Gradual,5618605530407,29
43,Gradual,5619679272231,28
43,Gradual,5619679272239,30
43,Gradual,5619670883631,28
43,Gradual,5619670883647,27
43,Gradual,5619670883643,27
43,Gradual,5619670883771,28
43,Gradual,5619603774907,28
43,Random,2746767153616,28
43,Random,4020636293855,26
43,Random,606625708423,29
43,Random,1798575503508,30
43,Random,7699202906463,27
43,Random,5143119607531,28
43,Random,7504501562677,28
43,Random,6697867298631,26
43,Random,520832259679,27
43,Random,1266994018434,27
43,Random,4667348364363,29
43,Random,5607895871133,29
43,Random,3046477039653,28
43,Random,6490932718098,27
43,Random,2532979960617,29
43,Random,6999444023946,27
43,Random,1761986929364,29
43,Random,8185329837728,26
43,Random,5905949219663,26
43,Random,984819752851,27
43,Random,3942304391973,29
43,Random,5329703751756,28
43,Random,5810300203159,26
43,Random,7593744721967,25
43,Random,1855859577293,26
43,Random,5841118197868,27
43,Random,6107116003675,30
43,Random,3220785266117,28
43,Random,1952348263731,31
43,Random,8141991319024,27
43,Random,1868600689481,26
43,Random,5571399282431,24
43,Random,7259206720471,31
43,Random,8453381065710,29
43,Random,3632655667903,30
43,Random,239766030448,27
43,Random,4856907555793,26
43,Random,2938202437688,25
43,Random,5248264162510,29
43,Random,4523335635997,26
43,Random,8696766297262,27
43,Random,4719492853536,27
43,Random,1590088864513,30
43,Random,6135218811933,31
43,Random,7650371026658,26
43,Random,5445046392473,27
43,Random,2913147258055,29
43,Random,2401251030493,26
43,Random,2484540742178,27
43,Random,1548683820760,28
43,Random,686461990546,26
43,Random,2142719112284,26
43,Random,8307009575114,28
43,Random,8256756210097,26
43,Random,4902547236255,28
43,Random,3067715153550,27
43,Random,3771067354048,25
43,Random,4558926699307,25
43,Random,8734843807544,26
43,Random,6678032704150,26
43,Random,4844141797611,28
43,Random,4961019949769,29
43,Random,8687357083675,24
43,Random,5429659852084,27
43,Random,5980313858051,27
43,Random,776069662661,27
43,Random,6619739868171,26
43,Random,5574205290340,26
43,Random,173632062929,28
43,Random,8475987072203,24
43,Random,6614814563344,25
43,Random,8592386229202,25
43,Random,8075922136954,27
43,Random,3061352850647,29
43,Random,362649194788,27
43,Random,3582718582254,26
43,Random,2839813449870,31
43,Random,422606575021,24
43,Random,2122700283631,26
43,Random,3525518368584,26
43,Random,708867198494,26
43,Random,5177132539397,30
43,Random,4276041887525,27
43,Random,2848938248273,30
43,Random,4646462658959,25
43,Random,7662814604929,29
43,Random,8247093638644,28
43,Random,1941712536971,27
43,Random,5816960027485,24
43,Random,3446023597730,28
43,Random,2484511416463,28
43,Random,8431055958783,27
43,Random,144247375865,28
43,Random,3298963702670,26
43,Random,7141097047074,25
43,Random,5511986557046,27
43,Random,7848083314470,28
43,Random,2791926005420,26
43,Random,3537624647645,29
43,Random,8104467620623,26
44,Gradual,17592186044415,12
44,Gradual,17592186011647,14
44,Gradual,17592185880575,16
44,Gradual,17587890913279,19
44,Gradual,17038135099391,22
44,Gradual,17038135099263,23
44,Gradual,17035987615615,24
44,Gradual,17035979227007,25
44,Gradual,17001619488639,25
44,Gradual,17001552379775,26
44,Gradual,17001552379773,25
44,Gradual,15902040751997,25
44,Gradual,15833321275261,22
44,Gradual,15833321274749,21
44,Gradual,15833388383613,20
44,Gradual,11435341872509,21
44,Gradual,11435339775357,22
44,Gradual,11437487259005,25
44,Gradual,12536998886781,24
44,Gradual,12536982109565,24
44,Gradual,12536915000701,25
44,Gradual,12399476047229,27
44,Gradual,12433835785597,26
44,Gradual,12425245851005,27
44,Gradual,12423098367357,26
44,Gradual,12423097318781,27
44,Gradual,12491816795517,25
44,Gradual,12491816828285,27
44,Gradual,12491816566141,27
44,Gradual,12491816566133,27
44,Gradual,12491816557941,26
44,Gradual,12491817606517,27
44,Gradual,12491817868661,25
44,Gradual,16889864379765,25
44,Gradual,16889931488629,25
44,Gradual,16889931489141,27
44,Gradual,16889931487093,26
44,Gradual,16889931487077,26
44,Gradual,16889931489125,27
44,Gradual,16872751619941,29
44,Gradual,16877046587237,25
44,Gradual,16894226456421,25
44,Gradual,16894226455397,24
44,Gradual,12496179944293,24
44,Gradual,12427460467557,26
44,Gradual,10228437212005,27
44,Gradual,10228453989221,26
44,Gradual,10194094250853,24
44,Gradual,10194094250849,24
44,Gradual,10194094250865,25
44,Gradual,10194094250801,26
44,Gradual,10194093202225,27
44,Gradual,10194076425009,28
44,Gradual,10194075900721,27
44,Gradual,10194076949297,27
44,Gradual,10193003207473,28
44,Gradual,10193003208497,26
44,Gradual,10193003208465,26
44,Gradual,10193003216657,26
44,Gradual,10193005313809,26
44,Gradual,10193005313297,26
44,Gradual,10193005305105,27
44,Gradual,10330444258577,28
44,Gradual,10330444266769,28
44,Gradual,10330444266753,29
44,Gradual,10330444266761,29
44,Gradual,10330444791049,30
44,Gradual,10330444528905,29
44,Gradual,10330443480329,27
44,Gradual,10399162957065,29
44,Gradual,10399162940681,31
44,Gradual,10400236682505,31
44,Gradual,10400236682633,31
44,Gradual,10400236682665,31
44,Gradual,10383056813481,29
44,Gradual,10383023259049,29
44,Gradual,10383023390121,29
44,Gradual,10383023652265,27
44,Gradual,12582046907817,28
44,Gradual,12582046905769,27
44,Gradual,12582046643625,29
44,Gradual,12582046660009,29
44,Gradual,12582042465705,30
44,Gradual,16980088976809,29
44,Gradual,16980088960425,29
44,Gradual,16980088960429,27
44,Gradual,17529844774317,27
44,Gradual,17529844250029,26
44,Gradual,17528770508205,25
44,Gradual,17528771032493,27
44,Gradual,17460051555757,25
44,Gradual,16910295741869,27
44,Gradual,16909758870957,26
44,Gradual,16909758870829,28
44,Gradual,16634880963885,29
44,Gradual,16909758870829,28
44,Gradual,16918348805421,28
44,Gradual,16918348674349,28
44,Gradual,16918348674365,28
44,Gradual,16918357062973,27
44,Gradual,16918356997437,27
44,Random,5860322036106,29
44,Random,1779037959211,28
44,Random,6156606626373,27
44,Random,11974370274988,27
44,Random,3671817728881,27
44,Random,6443167772310,28
44,Random,14034935019835,27
44,Random,6930575086241,28
44,Random,2843392339787,27
44,Random,6134866271905,27
44,Random,14938322081482,22
44,Random,4518163731446,27
44,Random,5645829453716,26
44,Random,1278712897781,28
44,Random,4133050074171,27
44,Random,15540056337741,25
44,Random,2502265531483,30
44,Random,865864118845,28
44,Random,3553486047590,30
44,Random,15931533670910,28
44,Random,8271719238606,25
44,Random,1061545323625,29
44,Random,7892716877440,26
44,Random,10190895533737,28
44,Random,4783767948673,30
44,Random,1969354744032,28
44,Random,12349833346032,25
44,Random,14995556802093,27
44,Random,2067731092230,30
44,Random,5696122279702,29
44,Random,8505998362519,29
44,Random,8105011877486,29
44,Random,14316105157274,28
44,Random,15274742101136,29
44,Random,8515684146433,28
44,Random,4311519780723,27
44,Random,7648662425307,28
44,Random,2536522991605,26
44,Random,9591036654458,29
44,Random,16992796739890,28
44,Random,8679512739336,26
44,Random,2914427223372,27
44,Random,5807788223870,28
44,Random,16471663332304,31
44,Random,7498498270586,31
44,Random,1522297614452,29
44,Random,2407868374360,29
44,Random,15793572796033,29
44,Random,3690144328930,28
44,Random,8569703282349,28
44,Random,2731227200493,25
44,Random,14962164309266,26
44,Random,9724208143250,25
44,Random,119236698138,27
44,Random,7029191609973,28
44,Random,12337136560042,29
44,Random,154412142371,24
44,Random,9530406348688,26
44,Random,15433050122733,27
44,Random,15277535034741,28
44,Random,11062408395079,27
44,Random,13030752624271,29
44,Random,15908097121764,30
44,Random,8564957621465,29
44,Random,10817782764589,30
44,Random,9283464035026,30
44,Random,10038985519902,30
44,Random,2773024452913,26
44,Random,15853132031129,29
44,Random,10190158822314,25
44,Random,2862000247666,26
44,Random,3795330344366,27
44,Random,190243004222,25
44,Random,12792022245542,31
44,Random,12425030231217,29
44,Random,6644608807707,25
44,Random,3175824931583,27
44,Random,7591385311634,27
44,Random,7082746941907,30
44,Random,13204367565588,26
44,Random,16734851924875,27
44,Random,13623073991800,26
44,Random,16462218788253,29
44,Random,5381133078900,27
44,Random,10027984309751,29
44,Random,590836878648,27
44,Random,6412982353876,24
44,Random,4404585460558,26
44,Random,14160465592717,28
44,Random,8620975177599,28
44,Random,4082048025877,27
44,Random,2609519785719,25
44,Random,5988603968446,28
44,Random,17084347766535,27
44,Random,6080871190979,28
44,Random,14497788044252,28
44,Random,6736128612552,28
44,Random,12029294274787,30
44,Random,11444532450807,27
44,Random,7657931867823,27
45,Gradual,35184372088831,12
45,Gradual,35184372088319,14
45,Gradual,35184372084223,15
45,Gradual,35184237866495,16
45,Gradual,35184237342207,19
45,Gradual,35184237340159,20
45,Gradual,35184237340095,20
45,Gradual,35184233145791,20
45,Gradual,35184233129407,21
45,Gradual,35184367347135,21
45,Gradual,35184367347103,22
45,Gradual,35182219863455,22
45,Gradual,34907341956511,25
45,Gradual,34907207738783,25
45,Gradual,34907207738655,25
45,Gradual,34907341956383,25
45,Gradual,34907274847519,25
45,Gradual,34907274847511,25
45,Gradual,34907274863895,27
45,Gradual,34872915125527,28
45,Gradual,34872646690071,26
45,Gradual,34872646690069,25
45,Gradual,34872646690071,26
45,Gradual,34872646427927,26
45,Gradual,34803926951191,28
45,Gradual,26007833928983,29
45,Gradual,26007800374551,30
45,Gradual,26007666156823,32
45,Gradual,26007649379607,31
45,Gradual,26007649363223,29
45,Gradual,26007783580951,28
45,Gradual,26007800358167,29
45,Gradual,26007800358151,28
45,Gradual,26282678265095,29
45,Gradual,26282678265103,29
45,Gradual,26282676167951,29
45,Gradual,26007798261007,29
45,Gradual,26007798523151,27
45,Gradual,26007798527247,29
45,Gradual,26007798265103,27
45,Gradual,26007798199567,30
45,Gradual,25458042385679,30
45,Gradual,25457505514767,29
45,Gradual,25457505514783,29
45,Gradual,25457507611935,30
45,Gradual,25457507610911,28
45,Gradual,25457507611039,27
45,Gradual,26007263424927,29
45,Gradual,25869824471455,30
45,Gradual,23670801215903,30
45,Gradual,23670801215899,30
45,Gradual,23808240169371,28
45,Gradual,23808231780763,27
45,Gradual,23258475966875,26
45,Gradual,23258475966879,26
45,Gradual,23258475962783,26
45,Gradual,22158964335007,30
45,Gradual,22158964335039,30
45,Gradual,22158964334783,29
45,Gradual,22227683811519,30
45,Gradual,22227683803327,29
45,Gradual,22227683803583,28
45,Gradual,22158964326847,29
45,Gradual,23258475954623,26
45,Gradual,23258484343231,25
45,Gradual,23258475954623,26
45,Gradual,23258475954619,26
45,Gradual,23258475958715,26
45,Gradual,23327195435451,27
45,Gradual,25526218691003,26
45,Gradual,25526218691067,28
45,Gradual,25526218686971,29
45,Gradual,25526218949115,30
45,Gradual,25509039079931,28
45,Gradual,25509106188795,25
45,Gradual,25509106188799,24
45,Gradual,25509106189823,25
45,Gradual,25509643060735,26
45,Gradual,25509643027967,24
45,Gradual,25544002766335,24
45,Gradual,25544011154943,22
45,Gradual,25543944046079,25
45,Gradual,25543944045951,26
45,Gradual,25543944046463,25
45,Gradual,21145897535359,26
45,Gradual,21145897535343,27
45,Gradual,21145898059631,28
45,Gradual,21163077928815,27
45,Gradual,21437955835759,25
45,Gradual,21437955834735,25
45,Gradual,21437955900271,25
45,Gradual,21437953803119,27
45,Gradual,21437953803115,28
45,Gradual,21437953807211,29
45,Gradual,21437953807215,27
45,Gradual,21437953545071,28
45,Gradual,21440101028719,28
45,Gradual,21440369464175,26
45,Gradual,21440371561327,25
45,Gradual,21440371562351,25
45,Gradual,21440354785135,25
45,Random,922705371663,28
45,Random,6538889096120,31
45,Random,660948038747,28
45,Random,23337793383064,28
45,Random,9052947925935,30
45,Random,19386277632464,29
45,Random,7052832043301,27
45,Random,24812778158764,28
45,Random,8974156553950,29
45,Random,18971928212353,29
45,Random,3912248217185,28
45,Random,20745264276751,29
45,Random,24394566949870,29
45,Random,20031686216220,29
45,Random,11117637877581,28
45,Random,10415167682480,29
45,Random,9980062197055,29
45,Random,30966615828025,29
45,Random,32456598485136,29
45,Random,13152269224486,29
45,Random,12853984695532,28
45,Random,15502205212431,29
45,Random,996692103171,29
45,Random,26733597295712,29
45,Random,14839670851398,29
45,Random,17919921335120,27
45,Random,1019340047054,29
45,Random,487739686019,25
45,Random,16818693345366,28
45,Random,19324696070834,27
45,Random,25290925210704,26
45,Random,34131833618037,28
45,Random,22884373351605,30
45,Random,4224208166377,30
45,Random,10757557540817,28
45,Random,12753671570324,28
45,Random,18031102965610,28
45,Random,12316539375979,26
45,Random,31584823676182,30
45,Random,4528116572827,30
45,Random,18382145375046,27
45,Random,6365491332646,30
45,Random,26227119004846,29
45,Random,3908379771160,32
45,Random,24486055639332,28
45,Random,7308131984303,27
45,Random,25092332224582,26
45,Random,11070072280056,29
45,Random,14578540503224,29
45,Random,17608991343662,27
45,Random,26753755426430,27
45,Random,16687674728888,29
45,Random,14776397062118,27
45,Random,7222408420128,28
45,Random,26418442939116,27
45,Random,4851685863970,31
45,Random,15601765626385,29
45,Random,22995552522128,30
45,Random,34962882533376,24
45,Random,2609855449453,26
45,Random,24521831831504,29
45,Random,33891016013151,27
45,Random,13724122230085,30
45,Random,29633638292939,24
45,Random,13325170178204,26
45,Random,275062671374,27
45,Random,10642228993878,27
45,Random,5184835758642,28
45,Random,12569164478252,26
45,Random,16972240532513,25
45,Random,12741309803360,29
45,Random,14201924309181,25
45,Random,27872537759117,24
45,Random,163032614313,26
45,Random,7907916484566,29
45,Random,18999986476273,26
45,Random,1062522363403,29
45,Random,15032213293692,28
45,Random,29506924757919,27
45,Random,24464396844325,27
45,Random,9947133442557,25
45,Random,3496959877091,28
45,Random,18703584292596,30
45,Random,21209377234509,29
45,Random,20808719846172,30
45,Random,21829682607644,29
45,Random,14063679684736,26
45,Random,25874952911561,26
45,Random,25144240353707,27
45,Random,15768408282381,28
45,Random,26378290964472,27
45,Random,13304373809622,29
45,Random,32618406615989,24
45,Random,28470714856761,29
45,Random,30601139647244,30
45,Random,26348904658012,25
45,Random,29630503644330,27
45,Random,3572624710222,27
45,Random,11418743404109,31
45,Random,9089636817597,25
46,Gradual,70368744177663,12
46,Gradual,70368743915519,14
46,Gradual,70300024438783,18
46,Gradual,70295729471487,19
46,Gradual,70295729471486,19
46,Gradual,70295729469438,20
46,Gradual,70295729731582,18
46,Gradual,70294655989758,20
46,Gradual,70294651795454,19
46,Gradual,70286061860862,21
46,Gradual,70286061862910,21
46,Gradual,70286053474302,23
46,Gradual,70286053474303,22
46,Gradual,70286053474239,23
46,Gradual,69186541846463,24
46,Gradual,69049102892991,25
46,Gradual,69049102827455,25
46,Gradual,69049102823359,26
46,Gradual,69049102823357,27
46,Gradual,69049102823341,28
46,Gradual,64651056312237,28
46,Gradual,64651056304045,28
46,Gradual,64652130045869,26
46,Gradual,65751641673645,27
46,Gradual,65751641739181,26
46,Gradual,65750567997357,27
46,Gradual,65750566948781,27
46,Gradual,65750566946733,27
46,Gradual,65750566946477,26
46,Gradual,65750298511021,30
46,Gradual,65750297986733,31
46,Gradual,63551274731181,29
46,Gradual,63559864665773,27
46,Gradual,63551274731181,29
46,Gradual,63551274730669,29
46,Gradual,63551274730661,28
46,Gradual,63551274730677,28
46,Gradual,63551241176245,29
46,Gradual,63551245370549,28
46,Gradual,63551245374645,26
46,Gradual,63551178265781,26
46,Gradual,63551178265765,26
46,Gradual,65750201521317,28
46,Gradual,64650689893541,26
46,Gradual,64659279828133,28
46,Gradual,64659145610405,26
46,Gradual,64659145610401,27
46,Gradual,64641965741217,28
46,Gradual,64642234176673,28
46,Gradual,64640086693025,30
46,Gradual,64640087217313,31
46,Gradual,64640087086241,31
46,Gradual,64640087086209,31
46,Gradual,47047901041793,29
46,Gradual,47047898944641,29
46,Gradual,47013539206273,31
46,Gradual,47013270770817,30
46,Gradual,51411317281921,31
46,Gradual,51411317280897,30
46,Gradual,51411317280901,30
46,Gradual,51411317248133,28
46,Gradual,51411316985989,30
46,Gradual,51411316969605,29
46,Gradual,51411316445317,26
46,Gradual,52510828073093,24
46,Gradual,52515123040389,26
46,Gradual,70107309084805,25
46,Gradual,61311216062597,27
46,Gradual,59112192807045,28
46,Gradual,59112188612741,29
46,Gradual,59112192807045,28
46,Gradual,59112176029829,27
46,Gradual,59112176030853,28
46,Gradual,59129355900037,29
46,Gradual,67925448922245,28
46,Gradual,66825937294469,29
46,Gradual,66825938343045,29
46,Gradual,66826005451909,28
46,Gradual,66817415517317,28
46,Gradual,66819563000965,29
46,Gradual,66819565098117,30
46,Gradual,66819565032581,31
46,Gradual,62421518521477,30
46,Gradual,62421518517381,28
46,Gradual,62421451408517,28
46,Gradual,44829265364101,29
46,Gradual,44279509550213,29
46,Gradual,44279509550229,29
46,Gradual,44277362066581,29
46,Gradual,44277630502037,29
46,Gradual,44277630502069,30
46,Gradual,44277697610933,31
46,Gradual,44277831828661,31
46,Gradual,44002953921717,29
46,Gradual,44002987476149,28
46,Gradual,44140426429621,28
46,Gradual,44140426429629,28
46,Gradual,44140426560701,28
46,Gradual,44139889689789,29
46,Gradual,44139906467005,28
46,Gradual,44139904369853,27
46,Random,12171184331083,31
46,Random,52067818009358,28
46,Random,26747023145563,29
46,Random,2270418042383,27
46,Random,19739506468754,30
46,Random,10536355934629,29
46,Random,40615983737406,30
46,Random,44411789028454,29
46,Random,33472528680746,28
46,Random,46899896038578,25
46,Random,33883703450540,29
46,Random,4555163474642,26
46,Random,53318729619626,24
46,Random,62552330374344,30
46,Random,62252854032605,33
46,Random,62612056282983,31
46,Random,39609068544545,28
46,Random,6059158105325,27
46,Random,42965332536006,29
46,Random,7412617346513,29
46,Random,64106583485964,29
46,Random,11087103823151,26
46,Random,31400029839245,29
46,Random,19925017438970,29
46,Random,29521558656387,25
46,Random,26046985170796,28
46,Random,68232094928156,27
46,Random,47619109681782,30
46,Random,17493950648075,26
46,Random,31746331248705,30
46,Random,1586268753720,27
46,Random,9921437409764,27
46,Random,30890065362630,27
46,Random,4770540505587,26
46,Random,29634923246184,30
46,Random,44284031546752,30
46,Random,49062921103978,28
46,Random,59416183535509,32
46,Random,7174699232154,31
46,Random,53633163752030,28
46,Random,26012960223831,29
46,Random,34109797957216,27
46,Random,36519616828739,29
46,Random,51386351550106,29
46,Random,68048922694113,29
46,Random,16803739137333,30
46,Random,63579083753640,29
46,Random,25664585316693,29
46,Random,27806510793386,28
46,Random,63698103318917,32
46,Random,9057353233725,29
46,Random,25424727141294,29
46,Random,50366830456646,32
46,Random,41173431222818,26
46,Random,57922584687117,31
46,Random,43128473225030,28
46,Random,64481867399456,24
46,Random,29513347174144,26
46,Random,65771830715686,29
46,Random,51689649138943,27
46,Random,29999440670116,26
46,Random,50472826305785,24
46,Random,18404179110768,28
46,Random,47556010491335,29
46,Random,46266231438052,27
46,Random,55203831476628,29
46,Random,23875223011141,26
46,Random,30625254185962,30
46,Random,67632484952311,27
46,Random,54825870578570,27
46,Random,4333690489440,27
46,Random,18908459125875,29
46,Random,8749597943870,26
46,Random,20879180893177,29
46,Random,66748449989443,28
46,Random,59346997924801,29
46,Random,57710543147881,30
46,Random,54083355027540,27
46,Random,23229717601181,30
46,Random,63524720824581,30
46,Random,46030203242918,27
46,Random,3728917281522,30
46,Random,10898959010927,28
46,Random,69633397697917,27
46,Random,30132002012810,27
46,Random,64217636879233,30
46,Random,20886141430366,29
46,Random,29559215454701,27
46,Random,3599303931554,29
46,Random,62612822303563,29
46,Random,27811345020396,26
46,Random,17493269745846,27
46,Random,65804033650547,27
46,Random,14010227754984,30
46,Random,42404008831203,30
46,Random,64168084691477,32
46,Random,59767640287639,28
46,Random,63375004885130,30
46,Random,48009296416113,31
46,Random,24696877114449,28
47,Gradual,140737488355327,12
47,Gradual,140737488347135,14
47,Gradual,140600049393663,17
47,Gradual,140600049393659,18
47,Gradual,140600049328123,20
47,Gradual,140600045133819,20
47,Gradual,140591455199227,19
47,Gradual,140590381457403,20
47,Gradual,140590381457402,21
47,Gradual,140590380933114,22
47,Gradual,140590380932858,23
47,Gradual,140727819886330,21
47,Gradual,105543447797498,22
47,Gradual,105544521539322,21
47,Gradual,104445009911546,24
47,Gradual,104445014105850,25
47,Gradual,104445014105854,24
47,Gradual,104445014105838,24
47,Gradual,104170136198894,23
47,Gradual,95374043176686,25
47,Gradual,95374043176174,28
47,Gradual,95374043700462,27
47,Gradual,95374043700463,26
47,Gradual,95374043700975,25
47,Gradual,90975997189871,25
47,Gradual,90975997189870,25
47,Gradual,73383811145454,24
47,Gradual,73658689052398,24
47,Gradual,73658152181486,25
47,Gradual,73658152181482,26
47,Gradual,73653857214186,27
47,Gradual,73653857083114,25
47,Gradual,73653857214186,27
47,Gradual,73651709730538,26
47,Gradual,73617349992170,28
47,Gradual,73625939926762,28
47,Gradual,73628087410410,25
47,Gradual,73353209503466,22
47,Gradual,73352135761642,24
47,Gradual,73352135827178,23
47,Gradual,82148228849386,23
47,Gradual,82148228833002,24
47,Gradual,82148765703914,26
47,Gradual,82148765703915,25
47,Gradual,82148761509611,24
47,Gradual,82148761505515,25
47,Gradual,82146614021867,25
47,Gradual,82146613497579,25
47,Gradual,82146613513963,26
47,Gradual,99738799558379,28
47,Gradual,99738799557867,28
47,Gradual,99670080081131,28
47,Gradual,99670080605419,27
47,Gradual,99670080613611,27
47,Gradual,99738800090347,27
47,Gradual,99738800090859,26
47,Gradual,99738800090795,26
47,Gradual,99773159829163,28
47,Gradual,99773159829179,28
47,Gradual,99773159304891,28
47,Gradual,104171205815995,29
47,Gradual,104171205814971,29
47,Gradual,104171172260539,27
47,Gradual,104171172195003,28
47,Gradual,104171172194987,26
47,Gradual,104171171932843,28
47,Gradual,104172245674667,26
47,Gradual,104171171932843,28
47,Gradual,104171171930795,29
47,Gradual,104171171898027,29
47,Gradual,104162581963435,28
47,Gradual,104162581967531,28
47,Gradual,104162581836459,28
47,Gradual,104164729320107,25
47,Gradual,104164729322155,25
47,Gradual,104162581838507,25
47,Gradual,104166876805803,25
47,Gradual,139351248894635,24
47,Gradual,138801493080747,25
47,Gradual,138801224645291,26
47,Gradual,138801224643243,28
47,Gradual,138801224639147,29
47,Gradual,138801224671915,28
47,Gradual,138803372155563,27
47,Gradual,139353127969451,26
47,Gradual,139353128493739,26
47,Gradual,130557035471531,25
47,Gradual,130557035455147,26
47,Gradual,130557035454635,28
47,Gradual,95372663365803,30
47,Gradual,95372663366059,30
47,Gradual,95372662317483,27
47,Gradual,95373736059307,27
47,Gradual,95373736059179,27
47,Gradual,95373769613611,27
47,Gradual,95373769613603,28
47,Gradual,95356589744419,31
47,Gradual,95356589760803,31
47,Gradual,95356587663651,30
47,Gradual,95365177598243,27
47,Gradual,96464689226019,27
47,Random,81554029820344,28
47,Random,35689570292473,31
47,Random,13830605798351,29
47,Random,68623014391102,27
47,Random,130851567094848,26
47,Random,135789819659898,25
47,Random,10074762004636,24
47,Random,123397263014072,24
47,Random,63397195006761,29
47,Random,117466810286850,22
47,Random,20784909539503,30
47,Random,73082203283486,29
47,Random,11382899324892,29
47,Random,123643558254099,31
47,Random,7286912847044,29
47,Random,45748892493299,26
47,Random,54269654337751,31
47,Random,126341697452694,31
47,Random,115138919524928,31
47,Random,113290843766506,29
47,Random,117150527804743,27
47,Random,60371171577578,27
47,Random,5741377924829,30
47,Random,45484515848549,31
47,Random,114795557064404,30
47,Random,90956500531421,29
47,Random,115434688587590,30
47,Random,38451770460136,28
47,Random,47688150930806,27
47,Random,60938961373236,27
47,Random,36426723518253,29
47,Random,59360828389438,27
47,Random,120849897887826,29
47,Random,1502481731756,27
47,Random,32070958789827,31
47,Random,61114163643776,26
47,Random,2423141218362,29
47,Random,138720130269569,27
47,Random,132556477587157,32
47,Random,71538812263595,28
47,Random,2103559281976,26
47,Random,106613826444703,28
47,Random,2925365909792,29
47,Random,88950387920376,30
47,Random,14408805826137,30
47,Random,95624353717572,29
47,Random,3714307879169,26
47,Random,13710377874255,27
47,Random,21576550749381,29
47,Random,115945670522348,31
47,Random,59586588936098,27
47,Random,94109397614728,28
47,Random,88382082515785,29
47,Random,28548883174513,30
47,Random,111416355605223,24
47,Random,117203238752336,27
47,Random,24370577706681,32
47,Random,94340824435963,30
47,Random,86998736487190,26
47,Random,11202035390095,30
47,Random,11396446425076,29
47,Random,48793248165195,29
47,Random,80429108258663,25
47,Random,6647932727792,30
47,Random,55839298099188,30
47,Random,59051368622689,29
47,Random,29650234178301,27
47,Random,34954344795733,26
47,Random,67962526309094,27
47,Random,133046453397728,30
47,Random,105335589659589,29
47,Random,4057244156072,28
47,Random,11462685770496,30
47,Random,22934487554378,25
47,Random,51319409231783,31
47,Random,61631252542314,28
47,Random,54526919303044,31
47,Random,42758058952407,28
47,Random,62689585079676,30
47,Random,31835989180870,31
47,Random,63555627862188,29
47,Random,61959322852997,30
47,Random,32928188540267,29
47,Random,85806334807101,29
47,Random,121029138655612,30
47,Random,63954175632633,32
47,Random,69058227330878,24
47,Random,71525503546577,27
47,Random,33830883326050,30
47,Random,76207956234784,28
47,Random,105739896357225,28
47,Random,122394241471387,29
47,Random,83160227940761,29
47,Random,137607626535528,28
47,Random,113637739703996,29
47,Random,13722769859859,29
47,Random,39059544303847,28
47,Random,133119390301589,29
47,Random,81315450212049,30
47,Random,35925313809576,27
48,Gradual,281474976710655,12
48,Gradual,281474976710639,14
48,Gradual,281474976710635,15
48,Gradual,281474976710639,14
48,Gradual,281457796841455,17
48,Gradual,281457780064239,16
48,Gradual,281456706322415,19
48,Gradual,281456706314223,19
48,Gradual,281456437878767,20
48,Gradual,281456437878639,22
48,Gradual,281456437878383,23
48,Gradual,281387718401647,22
48,Gradual,281387718336111,22
48,Gradual,281456437812847,23
48,Gradual,272660344790639,26
48,Gradual,272660361567855,26
48,Gradual,272660294458991,27
48,Gradual,272660294442607,27
48,Gradual,272660294442605,27
48,Gradual,272522855489133,30
48,Gradual,272522855358061,30
48,Gradual,272522855374445,29
48,Gradual,272522855341677,30
48,Gradual,272522318470765,29
48,Gradual,272522184253037,30
48,Gradual,272522184253005,31
48,Gradual,272522183728717,31
48,Gradual,272522183728845,30
48,Gradual,272522183728877,30
48,Gradual,272520036245229,29
48,Gradual,272520036277997,29
48,Gradual,272520019500781,29
48,Gradual,272520019500783,28
48,Gradual,272519985946351,28
48,Gradual,272515690979055,30
48,Gradual,270316667723503,27
48,Gradual,270316667723439,28
48,Gradual,270247948246703,29
48,Gradual,270247948246699,30
48,Gradual,270316667723435,28
48,Gradual,252724481679019,31
48,Gradual,252724481679083,32
48,Gradual,252724481687275,31
48,Gradual,254923504942827,30
48,Gradual,254923504938731,27
48,Gradual,254923504905963,29
48,Gradual,254923504889579,29
48,Gradual,255060943843051,29
48,Gradual,255060943843049,28
48,Gradual,255078123712233,28
48,Gradual,255078123712237,28
48,Gradual,255080271195885,28
48,Gradual,255080271720173,29
48,Gradual,255080271720175,28
48,Gradual,263876364742383,28
48,Gradual,263876363693807,27
48,Gradual,263876363693799,28
48,Gradual,263876355305191,29
48,Gradual,263876355305190,28
48,Gradual,263876355305188,29
48,Gradual,263876355305060,28
48,Gradual,263876355305076,28
48,Gradual,193507611127412,27
48,Gradual,193507611127420,28
48,Gradual,193490431258236,29
48,Gradual,193481841323644,30
48,Gradual,193481841454716,29
48,Gradual,193481841471100,26
48,Gradual,193481841471084,27
48,Gradual,192382329843308,27
48,Gradual,192382329847404,31
48,Gradual,192382327750252,32
48,Gradual,192382327750220,32
48,Gradual,192313608273484,31
48,Gradual,192313608273612,30
48,Gradual,187915561762508,30
48,Gradual,187915595316940,29
48,Gradual,187984314793676,29
48,Gradual,187846875840204,27
48,Gradual,187846875840460,27
48,Gradual,187812516102092,28
48,Gradual,187812516101836,28
48,Gradual,187743796625100,28
48,Gradual,188843308252876,28
48,Gradual,188843308252872,28
48,Gradual,206435494297288,28
48,Gradual,206452674166472,31
48,Gradual,171268302077640,29
48,Gradual,171268302077656,29
48,Gradual,171268304174808,30
48,Gradual,171268304174809,30
48,Gradual,171268371283673,29
48,Gradual,171251191414489,29
48,Gradual,170701435600601,29
48,Gradual,170426557693657,27
48,Gradual,161630464671449,28
48,Gradual,161630464655065,30
48,Gradual,161699184131801,28
48,Gradual,161699452567257,29
48,Gradual,161699452566745,29
48,Gradual,170495545588953,28
48,Random,164538964236287,26
48,Random,195952501704225,32
48,Random,233600505153293,30
48,Random,55650409718508,33
48,Random,164528741082192,27
48,Random,30855056293179,30
48,Random,255069062784190,28
48,Random,42425003181682,29
48,Random,170462323236448,30
48,Random,270641369456433,31
48,Random,137889482519208,29
48,Random,152877458322560,30
48,Random,94551659852725,26
48,Random,178717123368877,29
48,Random,29316464750475,27
48,Random,243787875513899,29
48,Random,63610137282535,28
48,Random,161917477596705,29
48,Random,271481279109142,28
48,Random,61793914084260,30
48,Random,29330625986744,28
48,Random,270511232570591,27
48,Random,176073017962716,28
48,Random,220020177708823,28
48,Random,49852649865962,28
48,Random,106597673834324,27
48,Random,188803023233689,29
48,Random,251860989723350,29
48,Random,57148135670087,29
48,Random,26135323560136,28
48,Random,96351763345572,27
48,Random,243958377887544,30
48,Random,260256944772620,27
48,Random,228450377507858,30
48,Random,65401919315348,30
48,Random,101639898809116,25
48,Random,44330678059574,25
48,Random,257873053051898,25
48,Random,42480988698245,31
48,Random,170134284239414,29
48,Random,35413706379142,28
48,Random,166913594459009,28
48,Random,85389376400682,27
48,Random,5703488887960,27
48,Random,121411006787565,28
48,Random,130107551749375,28
48,Random,246642745790226,29
48,Random,40816712626818,29
48,Random,279758062799372,29
48,Random,165597467000750,32
48,Random,245644572617921,30
48,Random,40103391516059,30
48,Random,151702120910090,28
48,Random,202711845410086,30
48,Random,20053586232209,29
48,Random,18959251264369,30
48,Random,141149823879664,26
48,Random,101820287097938,30
48,Random,187514132533532,27
48,Random,215288758837509,30
48,Random,239117507080058,30
48,Random,96562758884368,29
48,Random,9890858407684,28
48,Random,94003010819473,26
48,Random,159787793242364,29
48,Random,206195097629487,26
48,Random,244813204457541,27
48,Random,182831604395984,27
48,Random,138618635748095,25
48,Random,241163617325734,30
48,Random,274383789510047,27
48,Random,919364413088,29
48,Random,115382402682899,30
48,Random,3872588569629,27
48,Random,245190158757562,27
48,Random,265635889226110,29
48,Random,47078362409985,24
48,Random,17021893177780,29
48,Random,215607308642583,28
48,Random,166961585506197,30
48,Random,128396381175961,30
48,Random,45327273563843,29
48,Random,237658046520338,28
48,Random,22470853407557,30
48,Random,277269591556011,30
48,Random,281249290547651,28
48,Random,54416325389417,32
48,Random,4624733877929,30
48,Random,235318042756816,28
48,Random,176573029554491,31
48,Random,131925242934935,27
48,Random,7433094642997,28
48,Random,220604954332254,31
48,Random,189172170670661,30
48,Random,42780003314379,31
48,Random,94667973345144,27
48,Random,167453769236707,32
48,Random,238237287731512,33
48,Random,217198805638781,29
48,Random,134990304695124,31
49,Gradual,562949953421311,12
49,Gradual,562949953420799,14
49,Gradual,562949953355263,16
49,Gradual,562949953322495,17
49,Gradual,562949953355263,16
49,Gradual,562949416484351,16
49,Gradual,562949382929919,18
49,Gradual,545357196885503,23
49,Gradual,540959150374399,23
49,Gradual,540959150374911,22
49,Gradual,540950560440319,22
49,Gradual,540950560432127,23
49,Gradual,540946265464831,26
49,Gradual,540954855399423,24
49,Gradual,539855343771647,23
49,Gradual,539855339577343,23
49,Gradual,539855339544575,25
49,Gradual,539855339544543,25
49,Gradual,539855343738847,25
49,Gradual,399117855383519,26
49,Gradual,400217367011295,25
49,Gradual,400217365962719,24
49,Gradual,400208776028127,25
49,Gradual,400174416289759,26
49,Gradual,329805672112095,28
49,Gradual,329805667917791,27
49,Gradual,329788488048607,27
49,Gradual,329788488048639,27
49,Gradual,329789024919551,26
49,Gradual,329788890701823,27
49,Gradual,470526379057151,26
49,Gradual,470526378926079,26
49,Gradual,470526378925823,28
49,Gradual,469426867298047,27
49,Gradual,469426867298046,28
49,Gradual,469426867297918,28
49,Gradual,469425793556094,26
49,Gradual,469425793556222,26
49,Gradual,468876037742334,28
49,Gradual,468876037218046,30
49,Gradual,468910396956414,29
49,Gradual,539279141134078,30
49,Gradual,540378652761854,28
49,Gradual,540382947729150,30
49,Gradual,540384021470974,30
49,Gradual,540384021602046,30
49,Gradual,540384055156478,29
49,Gradual,540383518285566,29
49,Gradual,540383518285534,28
49,Gradual,540379223318238,28
49,Gradual,540379223318222,30
49,Gradual,540379223317710,30
49,Gradual,540379223313614,30
49,Gradual,540379223313870,30
49,Gradual,540379223312846,30
49,Gradual,470010479135182,28
49,Gradual,470010479135694,28
49,Gradual,329272990780366,29
49,Gradual,329272990780367,29
49,Gradual,329272990845903,29
49,Gradual,329271917104079,28
49,Gradual,470009405459407,28
49,Gradual,470009405459151,28
49,Gradual,474407451970255,28
49,Gradual,439223079881423,30
49,Gradual,439223616752335,30
49,Gradual,439223616752331,29
49,Gradual,439223616752347,29
49,Gradual,439223616752346,29
49,Gradual,439223079881434,30
49,Gradual,430426986859226,32
49,Gradual,430426986859482,29
49,Gradual,428227963603930,27
49,Gradual,428227963603914,27
49,Gradual,427953085696970,30
49,Gradual,427953083599818,30
49,Gradual,427953075211210,30
49,Gradual,427953075211211,29
49,Gradual,445545261255627,29
49,Gradual,445545395473355,30
49,Gradual,445820273380299,30
49,Gradual,445820273384395,29
49,Gradual,445820139166667,30
49,Gradual,445820139166671,30
49,Gradual,445817991683023,28
49,Gradual,445826581617615,30
49,Gradual,445828729101263,27
49,Gradual,446378484915151,28
49,Gradual,446378484915183,27
49,Gradual,446378417806319,29
49,Gradual,446378417789935,30
49,Gradual,446378417806319,29
49,Gradual,446378384251887,28
49,Gradual,446378384260079,28
49,Gradual,481562756348911,29
49,Gradual,481562758446063,27
49,Gradual,481563295316975,31
49,Gradual,551932039494639,30
49,Gradual,551932039494638,31
49,Gradual,551932039494126,30
49,Gradual,551932039494142,31
49,Random,131492485234383,28
49,Random,199114200784634,30
49,Random,559364050778600,26
49,Random,405855421304273,32
49,Random,248451505276915,29
49,Random,522536239092253,27
49,Random,516090377052208,31
49,Random,109057274753061,28
49,Random,358008145354238,31
49,Random,158766036592329,28
49,Random,229705527320709,33
49,Random,437062583012732,31
49,Random,119406379448150,28
49,Random,532306430705477,27
49,Random,10067610782284,30
49,Random,352444920928898,29
49,Random,532387017873472,28
49,Random,198668091767965,30
49,Random,142773273754176,29
49,Random,405286861958563,30
49,Random,326307831351119,28
49,Random,47916464186381,28
49,Random,201804606338108,30
49,Random,475875865340256,31
49,Random,236487123487674,29
49,Random,239246468664788,30
49,Random,225124881015949,28
49,Random,137060980097706,27
49,Random,406463055127396,30
49,Random,20181803534989,30
49,Random,71364002807733,30
49,Random,386837777540729,29
49,Random,176447299072219,27
49,Random,300471550223959,30
49,Random,504757852125827,32
49,Random,422233126023957,26
49,Random,482524142011853,24
49,Random,334928979731521,31
49,Random,175477867373658,28
49,Random,281590339153444,28
49,Random,55268324291759,30
49,Random,348243949973477,24
49,Random,483132289537733,27
49,Random,388147760861620,28
49,Random,437764603307399,29
49,Random,298990259407832,27
49,Random,270647620292563,30
49,Random,226767568515433,29
49,Random,551863343128988,27
49,Random,202556532994397,32
49,Random,409343870142108,31
49,Random,465856612372453,27
49,Random,137225059635241,30
49,Random,108303224498434,33
49,Random,94865225373536,31
49,Random,104374517659695,29
49,Random,304480421153543,33
49,Random,125778525029254,29
49,Random,506774032926131,30
49,Random,234289670301799,29
49,Random,232792459997442,32
49,Random,562161719754055,28
49,Random,152849331223251,33
49,Random,152632513695042,28
49,Random,341640440158169,32
49,Random,308597196639498,28
49,Random,377006206200661,26
49,Random,490351017470151,30
49,Random,282527537863112,27
49,Random,549245373406481,29
49,Random,475305141313085,29
49,Random,499185968041122,31
49,Random,289112011465334,31
49,Random,165298608940295,30
49,Random,165875545661865,31
49,Random,213605792658061,29
49,Random,464353137509194,29
49,Random,123059709411867,27
49,Random,477977571695504,34
49,Random,558489050514167,29
49,Random,403335563795962,29
49,Random,288356970527088,29
49,Random,149503337249525,25
49,Random,442897595935386,28
49,Random,396294134013806,31
49,Random,143613440609755,30
49,Random,391493608743631,29
49,Random,347243273246453,30
49,Random,535177632362087,32
49,Random,36496115133488,30
49,Random,102842269497643,32
49,Random,118882699771032,30
49,Random,369600081035740,27
49,Random,249615504461900,30
49,Random,557840029872462,25
49,Random,60577678899340,29
49,Random,508560935910126,27
49,Random,188012849688433,25
49,Random,219016498781989,29
49,Random,7803967129248,30
50,Gradual,1125899906842623,12
50,Gradual,1125899638407167,16
50,Gradual,1125899638390783,15
50,Gradual,1125899638325247,17
50,Gradual,1125899629936639,19
50,Gradual,1090715257847807,22
50,Gradual,1073123071803391,23
50,Gradual,1073123071803387,24
50,Gradual,791648095092731,23
50,Gradual,791648094961659,23
50,Gradual,809240281006075,24
50,Gradual,809240264228859,24
50,Gradual,809240264294395,23
50,Gradual,1090715241005051,24
50,Gradual,1125899613093883,20
50,Gradual,1108307427049467,23
50,Gradual,1108307427049403,25
50,Gradual,1108303132082107,23
50,Gradual,1108303132213179,22
50,Gradual,1108303132209083,23
50,Gradual,1103905085697979,24
50,Gradual,1103896495763387,26
50,Gradual,1103896495762875,28
50,Gradual,1068712123674043,32
50,Gradual,1068643404197307,31
50,Gradual,998274660019643,31
50,Gradual,996075636764091,32
50,Gradual,996075099893179,32
50,Gradual,994975588265403,29
50,Gradual,854238099910075,30
50,Gradual,854238099909947,30
50,Gradual,854237026168123,29
50,Gradual,854099587214651,30
50,Gradual,854099587213627,29
50,Gradual,854099855649083,29
50,Gradual,856298878904635,29
50,Gradual,856298878905147,27
50,Gradual,856298878905145,27
50,Gradual,856298878905144,28
50,Gradual,855749123091256,28
50,Gradual,855749122960184,29
50,Gradual,855749122960248,29
50,Gradual,873341309004664,32
50,Gradual,873066431097720,33
50,Gradual,873341309004664,32
50,Gradual,873341325781880,32
50,Gradual,873341862652792,33
50,Gradual,873342936394616,32
50,Gradual,873342944783224,30
50,Gradual,873342944775032,31
50,Gradual,873342944772984,30
50,Gradual,873342407902072,30
50,Gradual,873342407902040,29
50,Gradual,873325228032856,29
50,Gradual,873325223838552,30
50,Gradual,873325190284120,30
50,Gradual,873325190283608,31
50,Gradual,873393909760344,31
50,Gradual,873393909694808,31
50,Gradual,873393842585944,31
50,Gradual,873393842594136,33
50,Gradual,873393842585944,31
50,Gradual,873393842594136,33
50,Gradual,873359482855768,30
50,Gradual,855767296811352,29
50,Gradual,855904735764824,30
50,Gradual,873496921809240,33
50,Gradual,873496919712088,31
50,Gradual,873496918663512,32
50,Gradual,873222040756568,30
50,Gradual,873221772321112,29
50,Gradual,873221772321114,28
50,Gradual,873219624837466,29
50,Gradual,873150905360730,31
50,Gradual,873150972469594,31
50,Gradual,873150905360730,31
50,Gradual,873150896972122,31
50,Gradual,873150901166426,31
50,Gradual,874250412794202,34
50,Gradual,874250412794200,33
50,Gradual,874250479903064,31
50,Gradual,592775503192408,30
50,Gradual,627959875281240,32
50,Gradual,627959875248472,32
50,Gradual,698328619426136,31
50,Gradual,698328627814744,32
50,Gradual,680736441770328,31
50,Gradual,962211418480984,29
50,Gradual,1102948906836312,30
50,Gradual,1103017626313048,28
50,Gradual,1103017894748504,28
50,Gradual,1103018431619416,28
50,Gradual,1103052791357784,31
50,Gradual,1032684047180120,30
50,Gradual,1032684047180124,29
50,Gradual,1031584535552348,29
50,Gradual,1031584535028060,29
50,Gradual,1031584467919196,30
50,Gradual,1032134223733084,26
50,Gradual,1032134215344476,28
50,Gradual,1031996776391004,30
50,Random,440923994193894,28
50,Random,943253978500350,31
50,Random,521781236487011,31
50,Random,852380218242974,27
50,Random,318078830101644,29
50,Random,8984986433940,27
50,Random,1065094629895415,29
50,Random,631145057313338,30
50,Random,140739445970418,27
50,Random,599522755632605,26
50,Random,512317214529450,31
50,Random,892925462573220,31
50,Random,891372229168146,27
50,Random,669973958033570,31
50,Random,216717324431611,33
50,Random,282454652098765,28
50,Random,497283279974456,29
50,Random,731697498000676,29
50,Random,1067376249559879,31
50,Random,56673909153688,30
50,Random,279676267586195,30
50,Random,429709028057174,27
50,Random,136895340071074,30
50,Random,642587520000798,27
50,Random,673572727958681,29
50,Random,182175765616652,24
50,Random,429597259187804,31
50,Random,529338016086041,31
50,Random,914256558833302,30
50,Random,145687814192103,29
50,Random,918804364868911,28
50,Random,812394840946799,33
50,Random,636691042936553,29
50,Random,276197912956538,28
50,Random,992990155309962,29
50,Random,116751331821260,30
50,Random,619509738173281,28
50,Random,827036125139421,29
50,Random,449388958452861,31
50,Random,707017214657030,29
50,Random,607489253031537,31
50,Random,1024886919314388,27
50,Random,386530324477059,29
50,Random,381122048926468,31
50,Random,703134110711223,24
50,Random,837701384372833,30
50,Random,788396261261,28
50,Random,310387318919334,32
50,Random,237821100688864,30
50,Random,678126856620948,32
50,Random,998520831781001,29
50,Random,700946555752066,27
50,Random,528674498024860,29
50,Random,446599971211415,29
50,Random,127902932374538,33
50,Random,370233981770514,30
50,Random,769220218659242,32
50,Random,76136552407851,30
50,Random,359331908756745,32
50,Random,314776633373628,29
50,Random,810142684588197,29
50,Random,144857107055612,30
50,Random,715839774448841,31
50,Random,1088569034903436,29
50,Random,1051050256289665,30
50,Random,1061857721910780,30
50,Random,811739359260737,31
50,Random,659258019095961,27
50,Random,502007804644884,33
50,Random,145234026104945,28
50,Random,113421888129161,29
50,Random,302190972277222,31
50,Random,303639122268634,30
50,Random,757222222868200,27
50,Random,803504531896574,31
50,Random,616796923200763,29
50,Random,846562118125658,28
50,Random,585920849096778,29
50,Random,882019544019619,26
50,Random,140945756872466,27
50,Random,999925078055572,31
50,Random,131813818402384,28
50,Random,22725139528644,27
50,Random,986478709916110,29
50,Random,507628740310218,30
50,Random,333445535801988,29
50,Random,856728406279833,31
50,Random,741004609676270,28
50,Random,904821766209199,29
50,Random,986994199622854,25
50,Random,422016461353208,30
50,Random,300385568798745,29
50,Random,1012795853500165,30
50,Random,644503393689002,28
50,Random,957993714299450,30
50,Random,275465319504765,27
50,Random,258439454202078,32
50,Random,808103701281445,29
50,Random,923924049754614,29
50,Random,717999797239832,30
51,Gradual,2251799813685247,12
51,Gradual,2251524935778303,15
51,Gradual,2251524935778239,17
51,Gradual,2251524935777727,18
51,Gradual,2110787447422399,21
51,Gradual,2110787447418303,22
51,Gradual,2110787447418047,23
51,Gradual,2110787447418031,25
51,Gradual,2110787447417007,26
51,Gradual,2093195261372591,26
51,Gradual,2092095749744815,24
51,Gradual,2092095481309359,26
51,Gradual,2092078301440175,27
51,Gradual,2092078301444271,27
51,Gradual,2092078301444335,24
51,Gradual,2092078301440239,25
51,Gradual,2092078301440238,26
51,Gradual,2092078301440110,26
51,Gradual,2092078299342958,26
51,Gradual,2092078299342956,27
51,Gradual,2092078299326572,27
51,Gradual,2093177810954348,25
51,Gradual,2093177810921580,28
51,Gradual,2093177810921548,29
51,Gradual,1530227857500236,29
51,Gradual,1530502735407180,29
51,Gradual,1530502735411276,28
51,Gradual,1530502731216972,26
51,Gradual,1460133987039308,27
51,Gradual,1459996548085836,29
51,Gradual,1459996548085964,27
51,Gradual,1459996531308748,30
51,Gradual,1458897019680972,29
51,Gradual,1529265763858636,27
51,Gradual,1528990885951692,27
51,Gradual,1528990885951708,28
51,Gradual,1520194792929500,31
51,Gradual,1520194792929756,29
51,Gradual,1520194725820892,28
51,Gradual,1515796679309788,32
51,Gradual,1515246923495900,31
51,Gradual,1515246922971612,32
51,Gradual,1515246788753884,32
51,Gradual,1515263968623068,31
51,Gradual,1515263968360924,32
51,Gradual,1515263959972316,30
51,Gradual,1515263958923740,30
51,Gradual,1515263961020892,31
51,Gradual,1515263961020764,32
51,Gradual,1515263961053532,31
51,Gradual,1444895216875868,28
51,Gradual,1444895216875870,30
51,Gradual,1444895216875866,29
51,Gradual,1444895216871770,29
51,Gradual,1515263961049434,32
51,Gradual,1515263961049466,33
51,Gradual,1515263424178554,34
51,Gradual,1515263424178490,33
51,Gradual,1515263424179002,33
51,Gradual,1515263424170810,34
51,Gradual,1519661470681914,30
51,Gradual,1519661604899642,31
51,Gradual,1519653014965050,31
51,Gradual,1519584295488314,32
51,Gradual,1449215551310650,32
51,Gradual,1449215417092922,31
51,Gradual,1449215425481530,32
51,Gradual,1414031053392698,31
51,Gradual,1414031053392690,29
51,Gradual,1414031120501554,29
51,Gradual,1414031120436018,29
51,Gradual,1414031120698162,30
51,Gradual,1132556143987506,29
51,Gradual,1132556143987250,29
51,Gradual,1132556143987378,30
51,Gradual,1132556160764594,29
51,Gradual,1132556160762546,29
51,Gradual,1132556160762547,28
51,Gradual,1132556160729779,28
51,Gradual,1132556160733875,28
51,Gradual,1132556160733939,28
51,Gradual,1695506114155251,29
51,Gradual,1695780992062195,31
51,Gradual,1695780989965043,30
51,Gradual,1695779916223219,30
51,Gradual,1695779916223155,30
51,Gradual,1836517404578483,32
51,Gradual,1836517404574387,32
51,Gradual,1836517538792115,33
51,Gradual,1836517538792099,34
51,Gradual,1836517540889251,35
51,Gradual,1836515393405603,33
51,Gradual,1836517540889251,35
51,Gradual,1836517540758179,36
51,Gradual,1836483181019811,35
51,Gradual,1836483185214115,34
51,Gradual,1836483185246883,33
51,Gradual,1836481037763235,30
51,Gradual,1836618476716707,29
51,Gradual,1836618474619555,30
51,Gradual,1836481035666083,30
51,Random,675112312796547,28
51,Random,2147010029615270,31
51,Random,2094848555581975,31
51,Random,2040281412053948,30
51,Random,935580326586715,30
51,Random,472206059047829,31
51,Random,1614372385428250,30
51,Random,2248238487102541,29
51,Random,2212556252906683,27
51,Random,854473966174920,29
51,Random,697890885569711,31
51,Random,593156971944624,31
51,Random,1661517061810802,29
51,Random,223998430029717,32
51,Random,1668063720785189,29
51,Random,1397033791892562,31
51,Random,1210137977233461,29
51,Random,916259979014445,28
51,Random,1374823139783478,31
51,Random,1521941894153426,32
51,Random,1015790558976494,33
51,Random,1747509743628273,30
51,Random,88448332407755,31
51,Random,1196124663886372,26
51,Random,2233184799045242,29
51,Random,453202910218886,30
51,Random,820464472212897,30
51,Random,614001296831886,34
51,Random,2014537057071627,33
51,Random,568761301986750,28
51,Random,1404744883594704,30
51,Random,1627468254544204,30
51,Random,1926554899754406,28
51,Random,2224084583423618,28
51,Random,1372599518350291,31
51,Random,2249970192072981,28
51,Random,587248549984424,32
51,Random,450163723285350,28
51,Random,2093362266552858,29
51,Random,192880821259758,30
51,Random,1030449701653438,30
51,Random,1522505856253294,29
51,Random,1230968193352801,31
51,Random,2087192345702271,26
51,Random,585486065816513,29
51,Random,1117141183790182,27
51,Random,285496024247477,31
51,Random,2015184407466280,31
51,Random,1202490923833811,28
51,Random,644667174856461,27
51,Random,83966948854181,31
51,Random,1456934514707030,31
51,Random,43870301919885,29
51,Random,1687385714399329,25
51,Random,644964157500985,26
51,Random,769255374670636,28
51,Random,946807425343159,27
51,Random,777405412699883,28
51,Random,372039422283024,28
51,Random,1301413927700228,28
51,Random,925703070535128,30
51,Random,1181460555428493,28
51,Random,628831455067025,29
51,Random,110104103418729,33
51,Random,1107341944851429,27
51,Random,465568391944156,29
51,Random,773526961582247,28
51,Random,1126055592305470,26
51,Random,740985056286252,30
51,Random,834361873406076,30
51,Random,1733477366997753,31
51,Random,2043987729427687,29
51,Random,260935809206012,27
51,Random,607391898758793,33
51,Random,331851176440447,31
51,Random,2063527427185346,30
51,Random,572680028452511,31
51,Random,1413219087898278,27
51,Random,1591276562454825,31
51,Random,1393926621558121,28
51,Random,838194617337162,31
51,Random,711962466811344,29
51,Random,403182666323463,30
51,Random,860706568627959,28
51,Random,608826148829271,34
51,Random,4820468473160,29
51,Random,1011939804198728,31
51,Random,385933857660379,28
51,Random,565419809017265,29
51,Random,1791879246099375,33
51,Random,2109508857788977,32
51,Random,576584154902839,30
51,Random,930315648752118,32
51,Random,1439961693010724,32
51,Random,1837528704083849,31
51,Random,1517627568048624,30
51,Random,492561972951994,28
51,Random,2124012661586169,30
51,Random,2091706337475369,28
51,Random,1680712141913850,31
52,Gradual,4503599627370495,12
52,Gradual,4503599627366399,14
52,Gradual,4362862139011071,18
52,Gradual,4362862138945535,19
52,Gradual,4362862071836671,20
52,Gradual,4362862071834623,21
52,Gradual,3799912118413311,20
52,Gradual,3799911849977855,21
52,Gradual,3799911833200639,22
52,Gradual,3799774394247167,25
52,Gradual,3799224638433279,24
52,Gradual,4362174591854591,26
52,Gradual,4362170296887295,27
52,Gradual,4362170296625151,28
52,Gradual,4362169222883327,27
52,Gradual,4362169222359039,28
52,Gradual,4362169222359035,29
52,Gradual,4362152042489851,29
52,Gradual,4362153116231675,30
52,Gradual,4291784372054011,31
52,Gradual,4291784372056059,30
52,Gradual,4291784237838331,30
52,Gradual,4291784237838075,30
52,Gradual,4291784237805307,32
52,Gradual,4291784237805299,32
52,Gradual,3165884330962675,32
52,Gradual,3306621819318003,31
52,Gradual,3306621819317971,32
52,Gradual,3306621819186899,32
52,Gradual,3025146842476243,30
52,Gradual,3025146840379091,29
52,Gradual,3025146840378067,28
52,Gradual,3025144692894419,27
52,Gradual,3020746646383315,27
52,Gradual,3020746612828883,26
52,Gradual,3021296368642771,27
52,Gradual,3020746612828883,26
52,Gradual,3020746612828887,27
52,Gradual,3020746612828871,29
52,Gradual,3020746612828870,28
52,Gradual,3020746612828871,29
52,Gradual,3020746612828887,27
52,Gradual,3020746612894423,27
52,Gradual,3020746611845847,27
52,Gradual,3020738021911255,27
52,Gradual,3020738021911287,28
52,Gradual,2985553649822455,30
52,Gradual,2985484930345719,29
52,Gradual,2985484930345703,29
52,Gradual,3020669302434535,28
52,Gradual,3020394424527591,27
52,Gradual,3020394424519399,28
52,Gradual,3020394424527591,27
52,Gradual,2985210052438759,30
52,Gradual,2985210052439783,28
52,Gradual,2985210052439719,29
52,Gradual,2985210069216935,31
52,Gradual,2985208995475111,31
52,Gradual,2985208995474599,30
52,Gradual,2985208995998887,31
52,Gradual,4111108902841511,32
52,Gradual,4111108902775975,34
52,Gradual,4111108902759591,33
52,Gradual,4111383780666535,31
52,Gradual,4111383780666551,31
52,Gradual,4111933536480439,29
52,Gradual,4111933536480503,30
52,Gradual,4116331582991607,29
52,Gradual,4116333730475255,32
52,Gradual,4151518102564087,30
52,Gradual,4151518102564343,29
52,Gradual,4150968346750455,31
52,Gradual,4150968347012599,32
52,Gradual,4150968347012343,33
52,Gradual,4150968380566775,32
52,Gradual,4150968347012343,33
52,Gradual,4150968347004151,33
52,Gradual,4221337091181815,34
52,Gradual,4221337091181687,33
52,Gradual,4221337074404471,31
52,Gradual,3095437167561847,31
52,Gradual,3060252795473015,32
52,Gradual,3060252794948727,29
52,Gradual,3060218435210359,29
52,Gradual,3060227025144951,31
52,Gradual,3060227025144959,31
52,Gradual,3051430932122751,29
52,Gradual,3051430965677183,28
52,Gradual,3051465325415551,31
52,Gradual,3052015081229439,32
52,Gradual,3052015081228415,31
52,Gradual,3052015072839807,30
52,Gradual,3052083792316543,30
52,Gradual,3052083792447615,32
52,Gradual,3052221231401087,29
52,Gradual,3051671475587199,31
52,Gradual,2910933987231871,32
52,Gradual,2910796548278399,32
52,Gradual,2910796615387263,31
52,Gradual,2910797689129087,30
52,Gradual,2910797689129085,31
52,Random,3419228953684517,30
52,Random,3813924550245956,33
52,Random,764195959307785,32
52,Random,355110774356981,30
52,Random,2871316268085421,31
52,Random,2236471920896569,27
52,Random,776815241526269,31
52,Random,2531130540077509,29
52,Random,2014614146746165,33
52,Random,34351805963369,27
52,Random,1945056565283754,31
52,Random,3936932826248492,28
52,Random,2048053688925844,29
52,Random,3969626207122952,29
52,Random,4335547882103586,32
52,Random,2733481886889143,26
52,Random,1461338166222290,32
52,Random,836575634439805,30
52,Random,2217264202324172,27
52,Random,368885499717880,32
52,Random,3566331165062788,30
52,Random,2325782694460531,30
52,Random,2009998562819370,27
52,Random,4376139485538766,29
52,Random,2770820911164661,32
52,Random,1443259247419469,31
52,Random,59599921512692,27
52,Random,3754218280483360,30
52,Random,4349513207472106,27
52,Random,89390055112956,32
52,Random,280119411478764,26
52,Random,3023302852890419,31
52,Random,503436105743695,32
52,Random,3218455249129398,32
52,Random,2667647650479060,32
52,Random,853933555431227,32
52,Random,2051195742786929,31
52,Random,3901542778832601,30
52,Random,3165179613282019,30
52,Random,2725533648371691,29
52,Random,519579987925049,30
52,Random,2978863962985928,26
52,Random,906132288756924,33
52,Random,3813782104032870,27
52,Random,3394802109875474,28
52,Random,1599169716974938,29
52,Random,4297612990340995,30
52,Random,2490509777650613,32
52,Random,3640816260217050,32
52,Random,4160972549983738,31
52,Random,3782122991480501,30
52,Random,1499738773896943,24
52,Random,129060549956719,31
52,Random,1128018421437359,29
52,Random,2682107883456023,30
52,Random,4323798292640913,30
52,Random,3852638571250073,30
52,Random,1314660330571100,29
52,Random,731272568412881,31
52,Random,4418679448274037,29
52,Random,3801141934212616,32
52,Random,1560940408754181,31
52,Random,2593250259011361,29
52,Random,1023881091232857,34
52,Random,1173605869403834,30
52,Random,3693552751215459,31
52,Random,3031413000760377,34
52,Random,1654068111191199,31
52,Random,1784722341398453,32
52,Random,4222346278650097,30
52,Random,2798077076027759,31
52,Random,1305987551163880,33
52,Random,207481273445267,31
52,Random,217888210332530,30
52,Random,948545230717490,31
52,Random,229295182676097,32
52,Random,2330155357103136,28
52,Random,1725977357764204,32
52,Random,4013018045102580,32
52,Random,215600497791892,31
52,Random,488616712942022,28
52,Random,4107541589213654,34
52,Random,578210628205580,31
52,Random,2990046399125302,27
52,Random,3940833260537525,27
52,Random,453320078096300,29
52,Random,4111631028277660,30
52,Random,1498395945406154,28
52,Random,1003995764560802,33
52,Random,538434066638244,31
52,Random,2187392715791565,30
52,Random,3646215914704558,32
52,Random,3368870089132563,27
52,Random,785374675685663,30
52,Random,684647067706753,33
52,Random,728666701024325,27
52,Random,3442570525365806,33
52,Random,3553723789903183,30
52,Random,4172384512117721,31
52,Random,202014062612269,30
53,Gradual,9007199254740991,12
53,Gradual,9007197107257343,16
53,Gradual,9007197107257215,17
53,Gradual,9007197107256703,18
53,Gradual,8989604921212287,21
53,Gradual,8989604921195903,21
53,Gradual,8989604920671615,21
53,Gradual,8989604920669567,23
53,Gradual,8989600625702271,23
53,Gradual,8989592035767679,26
53,Gradual,9007184221812095,22
53,Gradual,9007184221812063,22
53,Gradual,9007184205034847,22
53,Gradual,6755384391349599,23
53,Gradual,6755384389252447,24
53,Gradual,6755384255034719,25
53,Gradual,6754284743406943,28
53,Gradual,6754147304453471,28
53,Gradual,6754147237344607,28
53,Gradual,6754130057475423,27
53,Gradual,6754130057475422,26
53,Gradual,6754130057475414,27
53,Gradual,6754130057475415,27
53,Gradual,6755229569103191,28
53,Gradual,6755367008056663,26
53,Gradual,6473892031346007,28
53,Gradual,6473892031346039,29
53,Gradual,6473891997791607,27
53,Gradual,5910942044370295,30
53,Gradual,5910942040175991,29
53,Gradual,5910942040175987,29
53,Gradual,5910942040171891,30
53,Gradual,5910941771736435,32
53,Gradual,5910950361671027,28
53,Gradual,5910950361408883,30
53,Gradual,5910950361671027,28
53,Gradual,5910950361671539,28
53,Gradual,5910949287929715,29
53,Gradual,5910951435413363,29
53,Gradual,5910951703848819,31
53,Gradual,5910951703848817,31
53,Gradual,5910917344110449,31
53,Gradual,5910917411219313,31
53,Gradual,5910917411186545,31
53,Gradual,5910917411186547,30
53,Gradual,5910934591055731,28
53,Gradual,5910934591055730,27
53,Gradual,5910932443572082,29
53,Gradual,6473882396993394,28
53,Gradual,6465086303971186,29
53,Gradual,6465086303971170,29
53,Gradual,6324348815615842,33
53,Gradual,6324350963099490,31
53,Gradual,6324342373164898,32
53,Gradual,6324346668132194,33
53,Gradual,6324381027870562,31
53,Gradual,6324381027870560,30
53,Gradual,6324381027862368,30
53,Gradual,6324381162080096,31
53,Gradual,6324381162079584,32
53,Gradual,6322182138824032,34
53,Gradual,6251813394646368,31
53,Gradual,6251813394646369,33
53,Gradual,6251813394654561,30
53,Gradual,6251813394654577,30
53,Gradual,6251821984589169,30
53,Gradual,6392559472944497,28
53,Gradual,6392559472943473,28
53,Gradual,6392559472943601,28
53,Gradual,6392559472943537,30
53,Gradual,6388161426432433,33
53,Gradual,6388161426436529,31
53,Gradual,6388161426436528,32
53,Gradual,6247423938081200,28
53,Gradual,6247423669645744,30
53,Gradual,6256219762667952,31
53,Gradual,6256219762667696,34
53,Gradual,6256185402929328,33
53,Gradual,6396922891284656,34
53,Gradual,6396922891284912,32
53,Gradual,6396922891317680,33
53,Gradual,6396922891317744,33
53,Gradual,6396922891317488,33
53,Gradual,5833972937896176,31
53,Gradual,5833972929507568,32
53,Gradual,5836171952763120,29
53,Gradual,5836154772893936,31
53,Gradual,5836154772893808,29
53,Gradual,5836171952762992,28
53,Gradual,5695434464407664,30
53,Gradual,5695434463359088,30
53,Gradual,5695433926488176,29
53,Gradual,5695433792270448,29
53,Gradual,5695433725161584,27
53,Gradual,5695433725128816,27
53,Gradual,5695158847221872,28
53,Gradual,5695158847090800,29
53,Gradual,5695154552123504,29
53,Gradual,5695137372254320,30
53,Gradual,4569237465411696,28
53,Gradual,4569237465149552,27
53,Random,1405727853906203,31
53,Random,5010021109109712,33
53,Random,2649227694497544,33
53,Random,5451099589899687,30
53,Random,2458666033038541,31
53,Random,5632992069774094,30
53,Random,2646017013415805,30
53,Random,2196118428483780,30
53,Random,567297088274846,30
53,Random,3468955172451730,31
53,Random,4448757733203446,29
53,Random,6005286002345545,28
53,Random,1634212545663856,30
53,Random,8194883135796098,34
53,Random,8593599928161868,31
53,Random,729076094228376,32
53,Random,7887584242076116,30
53,Random,7203860817006181,30
53,Random,5559888990188794,34
53,Random,6375947856563522,30
53,Random,7481709962732204,26
53,Random,5920156309612330,27
53,Random,7148022384983459,31
53,Random,7979175194133892,31
53,Random,337304819354614,29
53,Random,4072477812620305,33
53,Random,314032446504223,32
53,Random,3214135287203913,28
53,Random,5965676555805143,32
53,Random,3667700173546881,31
53,Random,1920174148642131,28
53,Random,2179154993719981,25
53,Random,6345901089238899,33
53,Random,6588454294830819,32
53,Random,4438739688532888,27
53,Random,1590236990976706,30
53,Random,2260154494355895,28
53,Random,8929902290417739,30
53,Random,5926343257714423,30
53,Random,830895493101980,32
53,Random,368328143340279,32
53,Random,6072031535367356,32
53,Random,1402029393285283,31
53,Random,2596088986490901,31
53,Random,7810520902785381,30
53,Random,2277586238082004,27
53,Random,6274308423166789,29
53,Random,4394281129707993,28
53,Random,8952252003639035,28
53,Random,1906123475795355,31
53,Random,1227531656354651,31
53,Random,1198176664892933,33
53,Random,8196300413012590,33
53,Random,8141704889400452,29
53,Random,831508090831456,31
53,Random,4850129054673449,28
53,Random,3546502996507121,26
53,Random,8740552267268862,29
53,Random,3799210965020014,27
53,Random,2693100121983744,31
53,Random,8370187865874681,32
53,Random,3823128875747544,28
53,Random,5945162845955299,31
53,Random,2760454221945511,26
53,Random,2840911763646361,29
53,Random,1029799537890559,30
53,Random,8149869072588310,31
53,Random,3046357346107177,30
53,Random,5220741853400221,33
53,Random,7351422893602714,31
53,Random,8386879027568404,31
53,Random,1751695657207133,34
53,Random,8832361920984607,30
53,Random,5351200498737363,31
53,Random,911594474185423,32
53,Random,1855393216346410,34
53,Random,2531986089049407,25
53,Random,6378616788069450,28
53,Random,4693722060131955,30
53,Random,1889319236709528,32
53,Random,4116375439754668,32
53,Random,5817675467271687,29
53,Random,8018080378792097,31
53,Random,6665063043673258,25
53,Random,8837317018536628,33
53,Random,7996379280139240,30
53,Random,5351564369840333,32
53,Random,1251407531182899,33
53,Random,5413605651258611,29
53,Random,1859459805025500,30
53,Random,3645902288380364,33
53,Random,7986923723757390,32
53,Random,5722272328633737,32
53,Random,441856965888727,28
53,Random,7179867172734340,29
53,Random,6519192978708895,31
53,Random,3726169201646423,33
53,Random,794350582129989,32
53,Random,429134326170694,31
53,Random,8144278755892542,35
54,Gradual,18014398509481983,12
54,Gradual,18014398509481855,14
54,Gradual,18014398509416319,14
54,Gradual,18013848753602431,18
54,Gradual,13510249126231935,18
54,Gradual,13510249059123071,17
54,Gradual,13510231879253887,20
54,Gradual,12947281925832575,22
54,Gradual,12947280852090751,23
54,Gradual,12947280919199615,24
54,Gradual,12947280902422399,24
54,Gradual,12947280901373823,26
54,Gradual,12947280897179519,25
54,Gradual,12947280863625087,27
54,Gradual,12947280863625086,28
54,Gradual,12947280864673662,27
54,Gradual,12947280864673658,26
54,Gradual,12947143425720186,29
54,Gradual,12947143459274618,27
54,Gradual,12947143450886010,28
54,Gradual,12947109091147642,29
54,Gradual,12938312998125434,29
54,Gradual,12938312863907706,28
54,Gradual,12938312863973242,30
54,Gradual,12938312863973234,30
54,Gradual,12938312863973170,31
54,Gradual,12938312880750386,29
54,Gradual,12938312612314930,29
54,Gradual,12938312075444018,30
54,Gradual,12938312075443986,29
54,Gradual,13501262028865298,27
54,Gradual,12375362122022674,29
54,Gradual,12375362054913810,29
54,Gradual,12375362054913554,29
54,Gradual,12375362054848018,32
54,Gradual,12375499493801490,31
54,Gradual,12375499493539346,29
54,Gradual,12375499493537298,30
54,Gradual,12234762005181970,29
54,Gradual,12234763078923794,29
54,Gradual,12234763078792722,29
54,Gradual,12234763078792210,31
54,Gradual,12234763078788114,30
54,Gradual,12234754488853522,27
54,Gradual,12234754455299090,26
54,Gradual,12234754455299094,27
54,Gradual,12234754453201942,27
54,Gradual,12234754453193750,27
54,Gradual,12234754453177366,28
54,Gradual,12234752305693718,30
54,Gradual,12234752305169430,27
54,Gradual,12234752305169428,27
54,Gradual,12217160119125012,30
54,Gradual,12212762072613908,29
54,Gradual,12212770662548500,29
54,Gradual,12212633223595028,28
54,Gradual,12211533711967252,31
54,Gradual,12211533779076116,29
54,Gradual,12211533779076180,30
54,Gradual,12211535926559828,30
54,Gradual,12176351554470996,32
54,Gradual,12176351554470992,32
54,Gradual,12176351554470928,30
54,Gradual,12176347259503632,30
54,Gradual,12185143352525840,26
54,Gradual,12185143352526096,26
54,Gradual,12185143285417232,27
54,Gradual,12185693041231120,28
54,Gradual,12186792552858896,27
54,Gradual,12186792552858904,29
54,Gradual,12186792552860952,30
54,Gradual,12184593529605400,30
54,Gradual,12184593798040856,28
54,Gradual,12184593865149720,30
54,Gradual,12175797772127512,31
54,Gradual,12174698260499736,31
54,Gradual,12174698259451160,30
54,Gradual,12174698259975448,29
54,Gradual,12174698259975512,28
54,Gradual,12174835698928984,30
54,Gradual,12174835631820120,31
54,Gradual,12174560753913176,30
54,Gradual,12192152939957592,31
54,Gradual,12192152940023128,30
54,Gradual,12227337312111960,31
54,Gradual,12227199873158488,32
54,Gradual,12227200007376216,33
54,Gradual,12227131287899480,32
54,Gradual,12227131288161624,29
54,Gradual,12227131288161608,29
54,Gradual,12227131288096072,29
54,Gradual,12227131288094024,28
54,Gradual,12227131288110408,30
54,Gradual,12227131288110400,31
54,Gradual,12227131288094016,28
54,Gradual,12227131288225088,30
54,Gradual,12367868776580416,31
54,Gradual,12227131288225088,30
54,Gradual,12227131825096000,32
54,Gradual,12227136120063296,33
54,Gradual,12227136120065344,33
54,Random,8755348374274445,30
54,Random,4310022309806406,31
54,Random,7388302608551091,32
54,Random,15082093257871612,33
54,Random,13544127771658641,28
54,Random,7084945930273600,29
54,Random,12514405275304481,30
54,Random,12675677551687965,33
54,Random,3997179924080879,34
54,Random,9989760877766956,34
54,Random,949826752313175,30
54,Random,8452538766948299,29
54,Random,9884301443101773,32
54,Random,1011732006383836,31
54,Random,7795611131671025,30
54,Random,13397595077523879,33
54,Random,7563996401245745,32
54,Random,513186605467720,31
54,Random,17137968311261744,32
54,Random,8096428984821147,31
54,Random,15518869383234518,35
54,Random,8048120018658295,29
54,Random,5147056168044559,28
54,Random,9165173018488896,29
54,Random,15829914689633733,31
54,Random,2233562834990515,30
54,Random,12854062263961396,28
54,Random,8040851088964837,28
54,Random,9932992854125316,32
54,Random,8011289702617332,33
54,Random,6329615987725990,31
54,Random,13774688043001893,28
54,Random,13718093278697888,32
54,Random,15403798585741774,33
54,Random,1337036728218280,30
54,Random,16862626589637731,31
54,Random,17480003756139642,30
54,Random,4898494907066837,33
54,Random,102939759136919,31
54,Random,6292899492311738,29
54,Random,1361373498311668,34
54,Random,9261936945818190,34
54,Random,12540184971012180,32
54,Random,11871415475128311,32
54,Random,10384323645552227,32
54,Random,14590832124944171,31
54,Random,17244381928317717,31
54,Random,427736234156024,29
54,Random,9129527527576638,28
54,Random,14750720143405689,32
54,Random,14815533185345084,30
54,Random,1619739151448886,33
54,Random,1961860383172014,33
54,Random,14683695996086266,30
54,Random,839914323339151,30
54,Random,481484768505927,30
54,Random,781045294569053,31
54,Random,6766220794542889,33
54,Random,4157501476922118,34
54,Random,5083622412694313,31
54,Random,7505207501595237,29
54,Random,8219505783448495,31
54,Random,15054403587058380,32
54,Random,2153417782915454,30
54,Random,1342650850729551,32
54,Random,14097244983208160,31
54,Random,9529615218893535,32
54,Random,5620406235433556,30
54,Random,11523837988902249,31
54,Random,14810012514156404,33
54,Random,8903461911852941,29
54,Random,7950774899846345,29
54,Random,12568497331631400,34
54,Random,2261761524287561,28
54,Random,7523636791792055,25
54,Random,11528124190532630,31
54,Random,10233289167140043,30
54,Random,393462665568749,31
54,Random,13452163061255242,29
54,Random,6057872579550858,32
54,Random,11143001141777356,28
54,Random,11621325212848729,29
54,Random,10743181119510827,29
54,Random,6579744672051629,30
54,Random,691952306004018,30
54,Random,5331324756652085,35
54,Random,11438182887524630,30
54,Random,9047801724953941,29
54,Random,5851306153733686,34
54,Random,12825509163926036,30
54,Random,12914365176955201,30
54,Random,17930388512871346,30
54,Random,12472772430828317,34
54,Random,9160362299337069,30
54,Random,17316530830036017,31
54,Random,6491969969651808,33
54,Random,8501359216385415,31
54,Random,8688687829199546,30
54,Random,14176605385730220,32
54,Random,2654079602214498,32
55,Gradual,36028797018963967,12
55,Gradual,36028796750528511,16
55,Gradual,36028728031051775,16
55,Gradual,36028723736084479,16
55,Gradual,36024325689573375,18
55,Gradual,36024325681184767,19
55,Gradual,36024325689573375,18
55,Gradual,36024325689571327,20
55,Gradual,36024325689570303,21
55,Gradual,27017126434829311,22
55,Gradual,26946757690651647,23
55,Gradual,26946757690651631,24
55,Gradual,26806020202296303,24
55,Gradual,26806020202296239,24
55,Gradual,26806020202230703,25
55,Gradual,26806020185453487,24
55,Gradual,24554220371768239,28
55,Gradual,24554220338213807,31
55,Gradual,24694957826569135,29
55,Gradual,24694962121536431,27
55,Gradual,24694962119439279,30
55,Gradual,24694962119504815,28
55,Gradual,24694824680551343,29
55,Gradual,24694824546333615,29
55,Gradual,24131874592912303,30
55,Gradual,24131874056041391,30
55,Gradual,24131874072818607,29
55,Gradual,24131874072818575,29
55,Gradual,24131874071769999,30
55,Gradual,24131324315956111,30
55,Gradual,24131324315958159,30
55,Gradual,23005424409115535,33
55,Gradual,22723949432404879,32
55,Gradual,23005424409115535,33
55,Gradual,23005424409049999,33
55,Gradual,23005390049311631,32
55,Gradual,23005390049309583,32
55,Gradual,23005390082864015,30
55,Gradual,23005390082863759,30
55,Gradual,23005381492929167,33
55,Gradual,23005106615022223,33
55,Gradual,23004007103394447,35
55,Gradual,22722532126683791,32
55,Gradual,22722532126685839,33
55,Gradual,22722532126685871,35
55,Gradual,22687347754597039,34
55,Gradual,22687347754597007,35
55,Gradual,22687347754597263,33
55,Gradual,22687347687488399,33
55,Gradual,22687348224359311,33
55,Gradual,22687356814293903,30
55,Gradual,22687356814277519,31
55,Gradual,22687494253230991,32
55,Gradual,31694693507971983,31
55,Gradual,31699091554483087,30
55,Gradual,31699091554499471,29
55,Gradual,31699074374630287,29
55,Gradual,33950874188315535,28
55,Gradual,33950874188307343,28
55,Gradual,34513824141728655,30
55,Gradual,34496231955684239,29
55,Gradual,34496249135553423,31
55,Gradual,34496317855030159,30
55,Gradual,32244518041344911,30
55,Gradual,31681568087923599,30
55,Gradual,31681567014181775,29
55,Gradual,22674367759440783,29
55,Gradual,22674367222569871,30
55,Gradual,22674367222537103,29
55,Gradual,22674367222274959,32
55,Gradual,24926167035960207,34
55,Gradual,24926441913867151,34
55,Gradual,24926442048084879,34
55,Gradual,24926442048117647,32
55,Gradual,24926476407856015,31
55,Gradual,24926476407331727,30
55,Gradual,24924277384076175,28
55,Gradual,24924277384600463,29
55,Gradual,24994646128778127,29
55,Gradual,24995745640405903,32
55,Gradual,24991347593894799,31
55,Gradual,24991278874418063,32
55,Gradual,24991278941526927,30
55,Gradual,24991004063619983,29
55,Gradual,24991004063619471,30
55,Gradual,24991004063619467,31
55,Gradual,24995402110130571,32
55,Gradual,24995397815163275,33
55,Gradual,24995397815228811,32
55,Gradual,24995397815212427,31
55,Gradual,24995260376258955,34
55,Gradual,24995260376258947,34
55,Gradual,24995260376521091,30
55,Gradual,24995243196651907,32
55,Gradual,24995243465087363,32
55,Gradual,24997442488342915,34
55,Gradual,24997442488277379,32
55,Gradual,24997442488277443,33
55,Gradual,24997442488285635,33
55,Gradual,20493842860915139,32
55,Gradual,20485046767892931,33
55,Random,30404849288359592,32
55,Random,28182561319272611,28
55,Random,17772801616533731,28
55,Random,28807177002394967,28
55,Random,15585339864202524,33
55,Random,17614735562096802,31
55,Random,28305645072265309,27
55,Random,29497800016960924,32
55,Random,32820062388884577,32
55,Random,23277854084839815,30
55,Random,22621636509066152,31
55,Random,3809528187034866,31
55,Random,34536404521895939,29
55,Random,33624841226188518,26
55,Random,26976743636747395,29
55,Random,22392227319774028,30
55,Random,4064738408952296,29
55,Random,23496282340038246,33
55,Random,1890245758384603,34
55,Random,26691653654845790,34
55,Random,30761660316541301,30
55,Random,23748267609436788,33
55,Random,15463932287532311,30
55,Random,10017297337590545,33
55,Random,16849863438118289,30
55,Random,2370611047631897,32
55,Random,30080501943359152,28
55,Random,3678876746461995,31
55,Random,12228298837483830,34
55,Random,17648828818703570,32
55,Random,14448239465816550,31
55,Random,35676154855718085,31
55,Random,9854855202784051,33
55,Random,19949728327666722,30
55,Random,16232888947510732,33
55,Random,14725478681318010,30
55,Random,9217275537028624,31
55,Random,7279102562899806,32
55,Random,10176677697743250,33
55,Random,14453131755010215,33
55,Random,35407212817860092,32
55,Random,32246303803817210,32
55,Random,7573977434151078,33
55,Random,24320250732205592,33
55,Random,14827748566188936,33
55,Random,13420912785325911,31
55,Random,5327278232247652,34
55,Random,18017060493120818,31
55,Random,11590215285037191,31
55,Random,29010665429574500,34
55,Random,8997221788763721,31
55,Random,34317924315047441,35
55,Random,20122205987268546,32
55,Random,14994480339082391,33
55,Random,18247184474418352,32
55,Random,28067967079200991,31
55,Random,35988310765268936,29
55,Random,8644039777440844,29
55,Random,34237748253990856,31
55,Random,17299726758558822,33
55,Random,6156958150429015,29
55,Random,32844064851809853,34
55,Random,16683226788910826,33
55,Random,13089080878418208,28
55,Random,19715450726828118,33
55,Random,26248917320468888,28
55,Random,13826158503026687,28
55,Random,20517484137940780,32
55,Random,12221200251792529,30
55,Random,30709401378815199,32
55,Random,4851442612512050,31
55,Random,25447331815664123,32
55,Random,20078848478144488,33
55,Random,29797914120981220,34
55,Random,8546038465954058,32
55,Random,35683611155062226,31
55,Random,19594261578101593,28
55,Random,32615623384549683,30
55,Random,2977796069887358,27
55,Random,2773327412649197,29
55,Random,26817786210654944,33
55,Random,25031549857696698,29
55,Random,30219956596659157,32
55,Random,9028501787038833,30
55,Random,10903017908817562,33
55,Random,1138046388905869,34
55,Random,9290322266773582,30
55,Random,3134296110984068,32
55,Random,13139916180294349,32
55,Random,17256969361841812,30
55,Random,28475082427079899,30
55,Random,6120245124726680,31
55,Random,24622189918517726,30
55,Random,33615344940786323,30
55,Random,13902335497278999,32
55,Random,24511756667243031,33
55,Random,14069976299422001,30
55,Random,737448125258901,32
55,Random,27291013998098075,30
55,Random,34769662911515197,33
56,Gradual,72057594037927935,12
56,Gradual,67553994410557439,15
56,Gradual,67553985820622847,18
56,Gradual,67553985812234239,19
56,Gradual,67549587765723135,21
56,Gradual,67549587763625983,22
56,Gradual,67549587696517119,23
56,Gradual,67549587696516991,24
56,Gradual,66986637743095679,23
56,Gradual,71490237370466175,22
56,Gradual,71490237236248447,24
56,Gradual,71490237236248443,26
56,Gradual,71490237236248571,26
56,Gradual,71490237232054267,25
56,Gradual,71490232937086971,27
56,Gradual,71472640751042555,27
56,Gradual,72035590704463867,26
56,Gradual,72035590704463871,24
56,Gradual,72035599294398463,23
56,Gradual,72035599296495615,21
56,Gradual,70909699389652991,24
56,Gradual,70909699389652989,25
56,Gradual,70909699389390845,26
56,Gradual,70909699389388797,26
56,Gradual,70839330645211133,27
56,Gradual,70839330645211005,29
56,Gradual,70839329571469181,28
56,Gradual,70839312391599997,27
56,Gradual,70839312391862141,29
56,Gradual,70839312391861117,27
56,Gradual,70839312391861085,27
56,Gradual,70698574903505757,30
56,Gradual,70698506184029021,30
56,Gradual,71824406090871645,29
56,Gradual,71824406225089373,28
56,Gradual,71894774969267037,30
56,Gradual,71894766379332445,31
56,Gradual,71859582007243613,29
56,Gradual,71858482495615837,27
56,Gradual,71858482562724701,27
56,Gradual,70732582655882077,29
56,Gradual,61725383401141085,28
56,Gradual,61725383384363869,31
56,Gradual,61725383384331101,31
56,Gradual,61725383384330845,32
56,Gradual,61725383384265309,30
56,Gradual,61725383384298077,31
56,Gradual,61726482895925853,30
56,Gradual,61730880942436957,33
56,Gradual,61730882016178781,29
56,Gradual,61728682992923229,30
56,Gradual,61728683001311837,29
56,Gradual,57225083373941341,33
56,Gradual,57225083373933149,32
56,Gradual,57242675559977565,34
56,Gradual,61746275187348061,29
56,Gradual,61728683001303645,30
56,Gradual,61728700181172829,32
56,Gradual,61728700180910685,29
56,Gradual,61728700180910941,28
56,Gradual,57225100553540445,32
56,Gradual,58351000460383069,28
56,Gradual,58351000460350301,28
56,Gradual,58349900948722525,28
56,Gradual,57224001041879901,33
56,Gradual,57223998894396253,33
56,Gradual,57223998894379869,34
56,Gradual,57223998894379861,35
56,Gradual,57223998894381909,34
56,Gradual,57224007484316501,35
56,Gradual,57224007484324693,33
56,Gradual,57224007484324181,33
56,Gradual,39209608974842197,33
56,Gradual,39209608974858581,33
56,Gradual,39209608974858565,34
56,Gradual,39227201160902981,31
56,Gradual,39229400184158533,32
56,Gradual,48236599438899525,29
56,Gradual,49362499345742149,29
56,Gradual,49362482165872965,28
56,Gradual,49362482165872709,30
56,Gradual,49362482157484101,33
56,Gradual,49362481083742277,30
56,Gradual,49362483231225925,32
56,Gradual,49292114487048261,31
56,Gradual,49292114487046213,33
56,Gradual,49292114487042117,31
56,Gradual,49292114487046213,33
56,Gradual,49292114218610757,32
56,Gradual,49292114084393029,33
56,Gradual,49292114088587333,34
56,Gradual,49292114088587365,34
56,Gradual,49292105498652773,35
56,Gradual,49292105498652709,34
56,Gradual,49292105497604133,33
56,Gradual,49292105497604135,32
56,Gradual,49010630520893479,34
56,Gradual,49080999265071143,33
56,Gradual,49081016444940327,31
56,Gradual,49081017518682151,31
56,Gradual,49081015371198503,31
56,Random,33824444400416114,32
56,Random,5122617266057883,32
56,Random,27191679214562967,30
56,Random,47122983091626657,35
56,Random,14973042562515185,33
56,Random,10592762342173866,31
56,Random,16151924707321864,35
56,Random,70995398111992438,30
56,Random,23750974970695917,31
56,Random,1027966189772370,30
56,Random,50217407001115080,32
56,Random,55769727773123406,28
56,Random,68771668388410029,33
56,Random,13318925630142625,32
56,Random,15371683718944889,29
56,Random,29362004804281471,31
56,Random,54991937951232899,35
56,Random,41925434536515795,31
56,Random,42212903145376738,33
56,Random,67294263131781779,33
56,Random,52340583217775114,29
56,Random,21152272993707771,32
56,Random,57109698984104786,33
56,Random,38579288995950442,34
56,Random,17032405423147367,33
56,Random,33766747535704801,32
56,Random,10423118281222384,32
56,Random,57890360371595232,32
56,Random,45896404790845059,33
56,Random,29873436291307495,31
56,Random,20197920663739254,32
56,Random,31699978431332427,31
56,Random,11757147015012012,31
56,Random,58383188029257086,28
56,Random,23261287145737217,33
56,Random,49926721019523440,31
56,Random,17236498816199361,32
56,Random,60159279475967764,30
56,Random,44291318226271017,32
56,Random,30354292347232107,31
56,Random,5692312719778507,32
56,Random,55963489563870284,32
56,Random,51215484345421228,32
56,Random,51459347829793117,30
56,Random,39337328807933324,33
56,Random,21047668384330105,29
56,Random,18552199068621459,28
56,Random,50600396563566662,33
56,Random,14506282598554361,34
56,Random,21648357955804763,30
56,Random,14280389759143798,33
56,Random,62068619039957737,35
56,Random,18479521434297478,30
56,Random,70325000691181682,30
56,Random,62728978224209674,32
56,Random,29636506876665636,30
56,Random,1312543165287124,32
56,Random,2278007668430376,32
56,Random,13894950560125716,32
56,Random,52495067708963042,32
56,Random,58288999664720801,32
56,Random,21245199178442567,34
56,Random,16712722189651064,29
56,Random,38566501906041308,30
56,Random,58407449585382811,33
56,Random,16573226798260435,34
56,Random,16003546134367208,31
56,Random,48603086613847796,32
56,Random,19176255380695792,31
56,Random,19085531447907306,29
56,Random,44343274497701697,32
56,Random,4216938995185671,34
56,Random,1985500275996270,30
56,Random,68308439099116897,31
56,Random,6390204917292969,35
56,Random,46234670361917957,31
56,Random,58638238943732916,33
56,Random,32209736984886146,32
56,Random,55706061066211302,32
56,Random,47440178533754748,32
56,Random,2418635845625088,33
56,Random,47794907168713643,31
56,Random,30350499779487380,29
56,Random,37370850420652385,31
56,Random,40888501945884071,31
56,Random,22198200039429610,32
56,Random,3439161368457782,31
56,Random,46466671598803602,28
56,Random,71721845643665031,31
56,Random,26966239024436062,28
56,Random,15425188383132102,30
56,Random,56768572735662584,30
56,Random,65012811983396950,35
56,Random,13399071050123964,31
56,Random,19416435364021579,34
56,Random,55829620729411852,34
56,Random,49516755635665557,32
56,Random,48451341947155945,31
56,Random,27452638932914061,30
56,Random,36355965826563550,28
57,Gradual,144115188075855871,12
57,Gradual,108086391056891903,13
57,Gradual,108086389983150079,16
57,Gradual,108086389982887935,17
57,Gradual,108086389982879743,17
57,Gradual,108086389982879487,18
57,Gradual,108086389982863103,19
57,Gradual,108086389983125247,18
57,Gradual,108086389974736639,20
57,Gradual,108086389907627775,22
57,Gradual,108086389907628031,20
57,Gradual,108081991861116927,22
57,Gradual,108081991861125119,22
57,Gradual,108081991860076543,21
57,Gradual,108081991725858815,22
57,Gradual,108064399539814399,25
57,Gradual,108064399506259967,26
57,Gradual,108068797552771071,24
57,Gradual,108060001459748863,25
57,Gradual,107919263971393535,24
57,Gradual,107919263971393533,25
57,Gradual,107919263971327997,25
57,Gradual,107919263434457085,29
57,Gradual,103415663807086589,30
57,Gradual,103415646627217405,30
57,Gradual,103415646635606013,31
57,Gradual,103411248589094909,31
57,Gradual,103129773612384253,30
57,Gradual,103129773645938685,30
57,Gradual,103129773645414397,30
57,Gradual,103129773645414381,32
57,Gradual,103129769350447085,34
57,Gradual,103129769350442989,32
57,Gradual,103129769350410221,30
57,Gradual,103094584978321389,35
57,Gradual,103094584978321391,35
57,Gradual,103094585515192303,35
57,Gradual,103094585513095151,34
57,Gradual,103094585513095150,34
57,Gradual,103094585513619438,35
57,Gradual,103094585513635822,34
57,Gradual,103094585513635814,35
57,Gradual,103094585513635686,35
57,Gradual,103094585513633638,34
57,Gradual,103094583366149990,33
57,Gradual,103094583097714534,33
57,Gradual,100842783284029286,31
57,Gradual,100842233528215398,34
57,Gradual,100842233528215142,32
57,Gradual,100842235675698790,31
57,Gradual,100842227085764198,31
57,Gradual,100842192726025830,31
57,Gradual,105345792353396326,31
57,Gradual,105345792353395302,34
57,Gradual,105345792353396326,31
57,Gradual,105345792353379942,33
57,Gradual,105345826713118310,34
57,Gradual,105345826713117286,35
57,Gradual,105345826713117294,35
57,Gradual,105346376468931182,35
57,Gradual,105346376468947566,36
57,Gradual,105346376737383022,36
57,Gradual,105346381032350318,35
57,Gradual,105346381032349806,34
57,Gradual,105346381032349798,34
57,Gradual,105346376737382502,34
57,Gradual,105346376737448038,34
57,Gradual,105276007993270374,31
57,Gradual,105276007959715942,31
57,Gradual,105276007959707750,30
57,Gradual,105276005812224102,29
57,Gradual,105280403858735206,32
57,Gradual,105280403858743398,28
57,Gradual,105280403858743526,30
57,Gradual,105280403858743534,30
57,Gradual,104154503951900910,31
57,Gradual,103591553998479598,29
57,Gradual,103591553998479599,29
57,Gradual,103591553998463215,29
57,Gradual,103591553998464239,30
57,Gradual,103591554032018671,28
57,Gradual,103591554032022767,27
57,Gradual,103591571211891951,27
57,Gradual,103591571211891887,29
57,Gradual,103591570943456431,28
57,Gradual,105843370757141679,28
57,Gradual,106124845733852335,31
57,Gradual,106124777014375599,34
57,Gradual,106124779161859247,32
57,Gradual,106120381115348143,31
57,Gradual,106120381115348135,31
57,Gradual,106120378967864487,32
57,Gradual,106120378967340199,34
57,Gradual,106120104089433255,34
57,Gradual,106120104089466023,33
57,Gradual,106120104089457831,32
57,Gradual,106119966650504359,33
57,Gradual,106119966650471591,33
57,Gradual,106119966918907047,33
57,Gradual,106119949739037863,31
57,Gradual,105838474762327207,29
57,Random,96727691911554705,31
57,Random,100234003587153691,34
57,Random,122524990681075261,31
57,Random,106338103981507429,32
57,Random,31008533194677616,36
57,Random,38589978192473037,32
57,Random,87526181865791634,28
57,Random,49599248979518437,33
57,Random,110434030061224766,32
57,Random,104748926285828413,33
57,Random,97205223575776528,31
57,Random,123119719589664531,30
57,Random,79294817370667454,29
57,Random,7211827210804693,30
57,Random,114344667677636255,32
57,Random,14358797486817323,28
57,Random,107178852772073398,29
57,Random,96664424392814378,32
57,Random,56235353066352148,34
57,Random,143398876274952796,32
57,Random,117824675385846018,32
57,Random,55504065262805190,32
57,Random,38938421510809389,32
57,Random,70422499313232631,34
57,Random,14556431420019764,30
57,Random,61816869760511500,33
57,Random,102708544722693442,31
57,Random,111370591305562551,34
57,Random,1625876060174159,34
57,Random,47724546126392082,31
57,Random,33874218308091798,30
57,Random,121060241413396856,31
57,Random,137830249810199760,34
57,Random,38170490129443461,29
57,Random,51253898150269477,31
57,Random,42912791793542107,32
57,Random,36632365088765491,30
57,Random,24752855430425494,31
57,Random,116803698165636458,33
57,Random,59391132099115881,31
57,Random,25630825377526733,33
57,Random,92716039156728679,29
57,Random,79910681784490315,32
57,Random,110757946942373153,31
57,Random,129809156847272532,34
57,Random,10562966154093075,34
57,Random,85773443596919344,33
57,Random,32721553869041462,33
57,Random,69623657224489207,32
57,Random,43226609608202277,30
57,Random,109160400833141980,31
57,Random,35014621973517649,29
57,Random,135305110042710113,35
57,Random,12431638334912561,33
57,Random,45504919901194016,34
57,Random,36156573290419852,30
57,Random,55126604229317158,34
57,Random,43796854063171907,32
57,Random,72043313911541749,29
57,Random,139089969750545492,32
57,Random,37514719435971180,32
57,Random,9611456861249663,30
57,Random,42296640139680279,33
57,Random,27703922387000487,33
57,Random,45985713600401191,32
57,Random,82954632093284166,30
57,Random,116652196697822537,31
57,Random,68577102774593623,31
57,Random,114708996434700893,34
57,Random,72043883058738532,31
57,Random,104905722276735245,34
57,Random,32297939978426109,35
57,Random,21142046724101308,31
57,Random,76631155643905950,31
57,Random,100684417542728740,32
57,Random,31669237489138270,34
57,Random,13784467241263616,30
57,Random,21685893258810335,33
57,Random,49171224502845629,33
57,Random,17538065700534381,32
57,Random,18383146625507897,34
57,Random,70864496431451180,28
57,Random,70449836946846811,31
57,Random,101726091158408321,33
57,Random,68770971418399319,32
57,Random,87390520019842483,30
57,Random,58657093407738897,29
57,Random,137968742018174435,33
57,Random,114370837972812803,34
57,Random,106461624012870776,32
57,Random,70282521103997665,31
57,Random,100950924829283137,28
57,Random,61149160118392330,31
57,Random,120190668451971397,29
57,Random,77444760452348711,31
57,Random,21665203865534897,33
57,Random,54121331965155976,28
57,Random,137371140423047854,30
57,Random,122309174529849002,36
57,Random,84749934067061027,34
58,Gradual,288230376151711743,12
58,Gradual,288230358971842559,16
58,Gradual,288230358971711487,16
58,Gradual,288230358971711486,15
58,Gradual,288230358938157054,17
58,Gradual,288230358938156542,18
58,Gradual,288230358871047678,19
58,Gradual,285978559057362430,23
58,Gradual,285974161010851326,21
58,Gradual,285974158863367678,25
58,Gradual,285974158863363582,26
58,Gradual,285974158863364094,27
58,Gradual,285974158863364062,26
58,Gradual,249945361844400094,27
58,Gradual,249945361710182366,27
58,Gradual,249945361710174174,29
58,Gradual,249945361710174206,28
58,Gradual,249936565617151998,27
58,Gradual,249936531257413630,28
58,Gradual,249936531257348094,28
58,Gradual,249373581303926782,30
58,Gradual,249373581302878206,31
58,Gradual,244869981675507710,32
58,Gradual,244729244187152382,32
58,Gradual,280758041206116350,31
58,Gradual,280758036911149054,31
58,Gradual,281320986864570366,29
58,Gradual,281320985790828542,31
58,Gradual,281320985774051326,31
58,Gradual,281320985774051198,31
58,Gradual,281320985774182270,29
58,Gradual,281320985774190462,29
58,Gradual,281320985908408190,27
58,Gradual,281320985904213886,30
58,Gradual,281320985904214014,29
58,Gradual,281320985635778558,28
58,Gradual,281320985098907646,30
58,Gradual,281320989393874942,30
58,Gradual,281320989662310398,28
58,Gradual,281320989662277630,28
58,Gradual,281320989662277374,28
58,Gradual,281320989662275326,28
58,Gradual,245292192643311358,31
58,Gradual,245257008271222526,34
58,Gradual,245257008270960382,32
58,Gradual,245292192643049214,31
58,Gradual,236284993388308222,32
58,Gradual,236284993388308223,32
58,Gradual,236284718510401279,31
58,Gradual,236284718509876991,32
58,Gradual,236284719583618815,33
58,Gradual,236284719583618807,33
58,Gradual,236284719583618805,34
58,Gradual,236284719583618677,35
58,Gradual,236284719583618613,33
58,Gradual,236284719583618741,33
58,Gradual,236293515676640949,34
58,Gradual,245300714931381941,30
58,Gradual,245300749291120309,31
58,Gradual,244174849384277685,32
58,Gradual,244174780664800949,33
58,Gradual,244174780681578165,33
58,Gradual,244174780681578149,33
58,Gradual,244174780681578405,34
58,Gradual,244174780679481253,34
58,Gradual,244174780679480997,35
58,Gradual,244174780713035429,34
58,Gradual,248678380340405925,33
58,Gradual,230663981830923941,31
58,Gradual,230663973240989349,29
58,Gradual,230663972972553893,31
58,Gradual,230646380786509477,30
58,Gradual,230646397966378661,29
58,Gradual,232898197780063909,30
58,Gradual,232898197780063917,31
58,Gradual,232898197771675309,31
58,Gradual,232898197771675181,30
58,Gradual,232898163411936813,34
58,Gradual,232898163411969581,33
58,Gradual,232898163413018157,34
58,Gradual,232889367319995949,33
58,Gradual,232889401679734317,33
58,Gradual,232889470399211053,33
58,Gradual,223882271144470061,33
58,Gradual,223881171632842285,33
58,Gradual,223881171641230893,32
58,Gradual,223881171632842285,33
58,Gradual,223881171616065069,33
58,Gradual,223881167321097773,31
58,Gradual,223881167321096749,31
58,Gradual,259909964340060717,30
58,Gradual,259909964348449325,30
58,Gradual,259914362394960429,32
58,Gradual,259914362394960421,30
58,Gradual,259914362361405989,32
58,Gradual,259914362361668133,31
58,Gradual,259914362630103589,31
58,Gradual,259931954816148005,31
58,Gradual,259931954816139813,32
58,Gradual,259931954832917029,32
58,Gradual,259931954832917285,32
58,Random,77493606630861939,34
58,Random,96686246314976405,30
58,Random,30641801382767061,30
58,Random,176050112876122388,31
58,Random,17674523514503579,33
58,Random,221071695959165366,33
58,Random,136874740924252235,31
58,Random,256335431108917140,33
58,Random,264470208485917417,33
58,Random,13493343357803657,32
58,Random,104108561910890295,32
58,Random,84438604937036145,32
58,Random,57638389751663953,31
58,Random,52803649754090651,31
58,Random,77001367832603099,31
58,Random,37680282005776693,34
58,Random,285847332874168759,29
58,Random,92355634517284313,33
58,Random,4908566660559128,30
58,Random,282806846359731354,32
58,Random,284300676882757558,30
58,Random,245968205401443395,31
58,Random,232613259469566060,33
58,Random,144262180352209479,30
58,Random,174135056390703485,34
58,Random,190382372627435700,31
58,Random,168367640671349755,30
58,Random,49460441004219067,31
58,Random,32241784427667883,31
58,Random,147347802096149668,30
58,Random,269173667439846674,35
58,Random,27251679124903133,33
58,Random,174727623293263506,32
58,Random,3427499508078030,28
58,Random,10015172608938021,33
58,Random,223360180461391839,31
58,Random,107135371694192822,30
58,Random,36514907622712041,29
58,Random,202663049325407059,29
58,Random,129276673365183393,32
58,Random,44958764697461979,30
58,Random,110977162442384430,30
58,Random,272702041384860113,35
58,Random,21091368435361209,31
58,Random,71150196711622195,32
58,Random,113660586649208882,32
58,Random,216666883301770888,34
58,Random,59330177606489727,33
58,Random,17909363778854494,33
58,Random,88986799326472543,35
58,Random,188352451835788329,32
58,Random,123077582704417544,32
58,Random,194557986658150623,31
58,Random,201351780961921826,30
58,Random,243278133067635185,31
58,Random,30884694501772988,31
58,Random,228773013705741075,32
58,Random,248133234876851394,33
58,Random,67164362456008863,33
58,Random,38211302494329543,33
58,Random,51084212850563761,32
58,Random,131474926544473676,34
58,Random,153988031959006496,29
58,Random,287384594021848846,31
58,Random,150088357860818001,31
58,Random,92739241729508517,32
58,Random,220054080059478030,34
58,Random,164327374130592596,31
58,Random,124244403039471526,36
58,Random,178986199556304413,30
58,Random,220059253647174143,31
58,Random,168588173319421920,32
58,Random,267819949614882645,29
58,Random,64024935430038804,34
58,Random,62381757975530904,33
58,Random,204038601696415323,32
58,Random,69301172737362223,31
58,Random,251923301000415777,30
58,Random,124600721650142332,32
58,Random,152333069905494669,35
58,Random,45143378571284433,33
58,Random,251073133714650286,28
58,Random,1071569863183366,30
58,Random,211749809627923573,27
58,Random,110372814968031040,29
58,Random,284602646315312897,30
58,Random,33016401891485699,32
58,Random,257486912582971173,31
58,Random,2839096430607762,31
58,Random,56884273803647865,32
58,Random,171728632916395776,35
58,Random,134107328798055946,30
58,Random,98564702998399759,32
58,Random,26948080392935947,30
58,Random,1030590884156768,31
58,Random,73541720752005022,32
58,Random,73791419488305042,31
58,Random,49083544720717156,32
58,Random,187285018131554004,30
58,Random,130464854438542148,32
59,Gradual,576460752303423487,12
59,Gradual,576460752303423423,14
59,Gradual,575897802350002111,17
59,Gradual,575897802349993919,18
59,Gradual,575889006256971711,18
59,Gradual,576451956210393023,18
59,Gradual,576451956210388927,19
59,Gradual,558437557700906943,23
59,Gradual,558437557684129727,23
59,Gradual,558437557684137919,22
59,Gradual,556185757870452671,24
59,Gradual,556185482992545727,25
59,Gradual,556185482992545711,25
59,Gradual,556185448632807343,27
59,Gradual,556185448632807359,26
59,Gradual,556185448631758783,25
59,Gradual,556185448631742399,29
59,Gradual,555622498678321087,28
59,Gradual,555622498678319039,31
59,Gradual,554496598771476415,33
59,Gradual,554496598771492799,31
59,Gradual,554496598771492863,31
59,Gradual,554492200724981759,29
59,Gradual,554492200726030335,30
59,Gradual,554492200726030327,31
59,Gradual,554474608539985911,29
59,Gradual,554474599950051319,31
59,Gradual,554474634309789687,28
59,Gradual,554474633236047863,29
59,Gradual,554474633236047859,29
59,Gradual,554474633252825075,27
59,Gradual,554474632984389619,29
59,Gradual,545467433729648627,31
59,Gradual,545467296290695155,32
59,Gradual,545467296290694643,33
59,Gradual,545467296288597491,34
59,Gradual,545467296288596467,36
59,Gradual,545467296288596435,35
59,Gradual,546030246242017747,33
59,Gradual,546030244094534099,34
59,Gradual,546030244093485523,33
59,Gradual,548282043907170771,34
59,Gradual,548286441953681875,32
59,Gradual,548286441955779027,32
59,Gradual,548286441955779026,31
59,Gradual,548286441955254738,31
59,Gradual,548284242931999186,31
59,Gradual,548284242931999698,32
59,Gradual,548249058559910866,34
59,Gradual,548249059633652690,36
59,Gradual,557256258888393682,34
59,Gradual,557256258880005074,33
59,Gradual,557256261027488722,32
59,Gradual,557258460050744274,29
59,Gradual,557258734928651218,30
59,Gradual,557258734928650706,31
59,Gradual,556695784975229394,30
59,Gradual,556695784976277970,30
59,Gradual,556695784909169106,30
59,Gradual,556695784909169042,30
59,Gradual,556695784372298130,30
59,Gradual,556695784640733586,30
59,Gradual,556695784640725394,30
59,Gradual,552192185013354898,33
59,Gradual,552192184979800466,32
59,Gradual,552227369351889298,34
59,Gradual,552227369351889299,34
59,Gradual,552236165444911507,33
59,Gradual,552236165444911539,33
59,Gradual,543228966190170547,33
59,Gradual,543228966190178739,33
59,Gradual,543228961895211443,34
59,Gradual,543228961895211411,36
59,Gradual,543158593151033747,36
59,Gradual,543158592077291923,34
59,Gradual,543158592077291922,34
59,Gradual,543158592077283730,35
59,Gradual,543158592077152658,33
59,Gradual,543158591942934930,32
59,Gradual,543158591942934674,32
59,Gradual,543158591942934738,33
59,Gradual,543158729381888210,33
59,Gradual,543158729381888242,32
59,Gradual,542877254405177586,30
59,Gradual,542877254413566194,31
59,Gradual,542877254413566130,32
59,Gradual,542877254413697202,31
59,Gradual,544003154320539826,33
59,Gradual,544003154320539827,34
59,Gradual,544003154320539891,33
59,Gradual,544003154320539763,33
59,Gradual,544003154319491187,32
59,Gradual,544003154353045619,30
59,Gradual,544003154889916531,30
59,Gradual,544003154890440819,32
59,Gradual,542877254983598195,31
59,Gradual,542877254983598179,31
59,Gradual,542894847169642595,31
59,Gradual,542894847161253987,31
59,Gradual,542894847161253923,31
59,Gradual,542894847160991779,32
59,Random,118027234122990696,33
59,Random,455797660074935307,33
59,Random,488679324371159232,31
59,Random,441745437509741978,32
59,Random,32256286951959751,32
59,Random,317468200567444245,34
59,Random,525443607864228837,34
59,Random,548401118807174253,32
59,Random,438001346233115917,33
59,Random,143644769514407697,30
59,Random,488163912694473347,32
59,Random,460444496834705725,33
59,Random,280889372456864426,31
59,Random,193711106527912054,30
59,Random,177785229215481898,33
59,Random,364177713594675193,32
59,Random,122855542040752989,33
59,Random,355895628492502160,34
59,Random,256207849891376574,30
59,Random,391167749085789855,27
59,Random,440147315986341065,32
59,Random,504134487492252916,31
59,Random,434470704961558361,28
59,Random,178290585904614009,31
59,Random,56267801159475279,33
59,Random,53235501570827781,33
59,Random,365582129677574512,36
59,Random,277054354867333940,33
59,Random,478498640774128787,31
59,Random,26804061517547752,34
59,Random,388795359457216814,32
59,Random,471201957168965389,31
59,Random,362113468706574604,32
59,Random,178552313160580895,32
59,Random,47282560120498257,31
59,Random,445908403144276116,34
59,Random,143623192295019119,28
59,Random,269722074107084439,33
59,Random,456265204776465888,33
59,Random,467863557583077473,33
59,Random,434221154855649013,33
59,Random,62244040059343045,32
59,Random,171586857246538574,31
59,Random,216434943826715959,32
59,Random,68302364293884515,32
59,Random,74428971668270592,33
59,Random,88033813549255730,29
59,Random,292101269526284394,31
59,Random,289802705121148163,30
59,Random,564140099359948595,32
59,Random,157478646882706047,32
59,Random,310214289538205479,33
59,Random,241152144103535430,33
59,Random,130381817368162201,35
59,Random,483453677295233403,31
59,Random,470605265380472718,33
59,Random,126936776262882579,30
59,Random,248077586424649864,33
59,Random,186890678360424111,31
59,Random,259519497929248347,30
59,Random,24431095987475149,33
59,Random,531571863851313886,32
59,Random,265116868454882524,32
59,Random,404750907205507468,30
59,Random,498459046509479099,33
59,Random,409953355183049595,30
59,Random,529165244334608549,29
59,Random,544031608732333684,35
59,Random,4874795889356735,30
59,Random,297502734582079923,32
59,Random,462529877327062548,34
59,Random,58460954802973980,32
59,Random,115107619935992129,33
59,Random,455247238243989920,30
59,Random,46553533037699219,32
59,Random,80847667373037117,34
59,Random,461427517308068372,32
59,Random,566713914578881963,29
59,Random,300825053966755942,33
59,Random,42791286783565196,33
59,Random,12996775386449934,31
59,Random,133598873165199647,31
59,Random,564527133866255253,31
59,Random,20317420684329688,33
59,Random,543372996821794852,35
59,Random,86488552442008449,31
59,Random,424027057781118890,31
59,Random,138550110994443620,32
59,Random,348261719175596765,29
59,Random,40735143382689983,31
59,Random,335056757587828293,34
59,Random,157492457929469378,35
59,Random,495629077702751507,32
59,Random,504898823444919041,31
59,Random,238580262098591454,30
59,Random,86592065840915667,32
59,Random,349981976586927122,28
59,Random,506932064202007174,31
59,Random,356035509371622307,31
59,Random,565589772005232651,34
60,Gradual,1152921504606846975,12
60,Gradual,1152886320234758143,15
60,Gradual,1152886320234692607,17
60,Gradual,1152323370281271295,17
60,Gradual,1152323301561794559,19
60,Gradual,1152323301561793535,20
60,Gradual,1152323301561793503,21
60,Gradual,1152323301561791455,23
60,Gradual,1152323301561791453,23
60,Gradual,1152323301293355997,23
60,Gradual,1152323301293347805,25
60,Gradual,1152323301293085661,25
60,Gradual,1080265707255157725,29
60,Gradual,1080300891627246557,28
60,Gradual,1062286493117764573,29
60,Gradual,1062286493117764569,28
60,Gradual,1062286475937895385,29
60,Gradual,1062286475937895377,30
60,Gradual,1062286475937895313,32
60,Gradual,1062286475937891217,32
60,Gradual,1080300874447373201,30
60,Gradual,1080300874445276049,31
60,Gradual,1080300943164752785,31
60,Gradual,792070567013041041,31
60,Gradual,790944667106198417,32
60,Gradual,790944392228291473,33
60,Gradual,781937192973550481,31
60,Gradual,781937192972501905,31
60,Gradual,781937192435630993,32
60,Gradual,781937192435630995,32
60,Gradual,781937192435630993,32
60,Gradual,781937192437728145,32
60,Gradual,781937192437728153,31
60,Gradual,781937192437728155,31
60,Gradual,779685392624042907,35
60,Gradual,779685392624042906,34
60,Gradual,779667800437998490,34
60,Gradual,779667662999045018,35
60,Gradual,779667662999045022,34
60,Gradual,780793562905887646,36
60,Gradual,780793700344841118,34
60,Gradual,780793700277732254,33
60,Gradual,780793700273537950,34
60,Gradual,780793700273603486,33
60,Gradual,780793700273602974,33
60,Gradual,780793717453472158,32
60,Gradual,780793717454520734,33
60,Gradual,780793648735043998,33
60,Gradual,780793648718266782,33
60,Gradual,780793923596173726,32
60,Gradual,780793923596173722,32
60,Gradual,780793786157220250,32
60,Gradual,780793786157220242,32
60,Gradual,780723417413042578,31
60,Gradual,780723486132519314,33
60,Gradual,780723486132519318,34
60,Gradual,776219886505148822,35
60,Gradual,778471686318834070,35
60,Gradual,778471686310445462,36
60,Gradual,778471682015478166,37
60,Gradual,777345782108635542,36
60,Gradual,777345782108570006,36
60,Gradual,777343583085314454,34
60,Gradual,777345782108570006,36
60,Gradual,777345782106472854,34
60,Gradual,777345782374908310,33
60,Gradual,777345782911779222,33
60,Gradual,777345782911648150,35
60,Gradual,759331384402166166,32
60,Gradual,759331384402133398,33
60,Gradual,759348976588177814,32
60,Gradual,615233788512321942,33
60,Gradual,615233771332452758,33
60,Gradual,615233771349229974,32
60,Gradual,579204974330266006,32
60,Gradual,579204974330249622,30
60,Gradual,583708573957620118,29
60,Gradual,583708573957620126,29
60,Gradual,581456774143934878,30
60,Gradual,581447978050912670,28
60,Gradual,581447978050912666,28
60,Gradual,581447978050912698,29
60,Gradual,581447978050912762,29
60,Gradual,581447978050912746,28
60,Gradual,581447969460978154,28
60,Gradual,617476766479942122,30
60,Gradual,617459174293897706,30
60,Gradual,617459174277120490,32
60,Gradual,617476766463164906,32
60,Gradual,617476766463164922,31
60,Gradual,626483965717905914,33
60,Gradual,626483965722100218,32
60,Gradual,626484103161053690,32
60,Gradual,626484102624182778,31
60,Gradual,627610002531025402,31
60,Gradual,627610002531025406,29
60,Gradual,627610011120959998,28
60,Gradual,627610011120976382,30
60,Gradual,627610010047234558,33
60,Gradual,627610010047267326,33
60,Gradual,627607811024011774,34
60,Random,499501182847436372,34
60,Random,71984243729508439,32
60,Random,276671701942940659,33
60,Random,1151058889071059311,34
60,Random,298037825632392188,34
60,Random,917904173037570801,33
60,Random,532552037970291640,33
60,Random,764815556027618873,34
60,Random,252969637852710383,32
60,Random,781011062208489307,29
60,Random,370253595444711418,37
60,Random,259041283026713386,32
60,Random,558447409377770577,28
60,Random,912394745306873213,28
60,Random,396647468402092570,33
60,Random,792426096538164881,31
60,Random,288627303670558205,32
60,Random,241663246195906147,32
60,Random,1136427904369712830,35
60,Random,1013114893933480506,33
60,Random,1110286506288662901,32
60,Random,428829845728755208,30
60,Random,541221407392023769,30
60,Random,117017304882566697,32
60,Random,709854167906908858,37
60,Random,893699995491630853,35
60,Random,1089744275045722339,35
60,Random,612547321643631264,33
60,Random,883311127826427276,34
60,Random,884854499947236496,32
60,Random,961912185155719347,30
60,Random,974419881193654147,32
60,Random,887463067120966999,36
60,Random,365303456327260047,30
60,Random,474105105565667433,32
60,Random,516576846239094506,33
60,Random,1142726945846364361,33
60,Random,1107156140541870812,33
60,Random,774351266309241924,27
60,Random,684104337873264026,34
60,Random,296419676832149818,33
60,Random,735193548377410650,32
60,Random,406949681404604602,34
60,Random,1086914481315125997,33
60,Random,489013251704221213,31
60,Random,541572458957388612,32
60,Random,426452600833589487,34
60,Random,497076649792388241,31
60,Random,187539630418849078,30
60,Random,442765704257949289,32
60,Random,214642776779476246,33
60,Random,722463751005695341,31
60,Random,188079659722085462,34
60,Random,676824681590917761,35
60,Random,408183913532271645,30
60,Random,38255907068416965,31
60,Random,482745697539191841,31
60,Random,1142701193742121804,32
60,Random,255089967101105927,37
60,Random,713043352051353381,34
60,Random,890129946903943929,36
60,Random,716523890911905377,30
60,Random,1116149584741221849,33
60,Random,718470972681420164,33
60,Random,97983231008435834,35
60,Random,593670651157394322,31
60,Random,258601577129742984,35
60,Random,1136635495277471314,32
60,Random,509515218992905284,33
60,Random,291816416555582330,31
60,Random,97230910457938376,34
60,Random,204721944664141635,34
60,Random,554996183968780705,35
60,Random,526755020718496126,35
60,Random,480241148324844115,28
60,Random,147186343581439960,31
60,Random,146936840872036147,34
60,Random,963768803140589911,28
60,Random,99743845133416879,34
60,Random,502999698606521732,33
60,Random,477650201523573928,32
60,Random,428216602501687980,35
60,Random,229191001259239774,31
60,Random,949732028904342814,34
60,Random,196865681442889896,33
60,Random,1141501981024839815,28
60,Random,280128521931940607,34
60,Random,530112961366631831,29
60,Random,572233976092811145,30
60,Random,346664642242918428,29
60,Random,991056263047435133,34
60,Random,604423867672695906,31
60,Random,785268845156753246,32
60,Random,57182240751308313,34
60,Random,620868483767519788,31
60,Random,618496400094331195,31
60,Random,971174390215554320,32
60,Random,634828877770242249,35
60,Random,206799551271517448,34
60,Random,165571497353693864,30
61,Gradual,2305843009213693951,12
61,Gradual,2305842734335787007,16
61,Gradual,2305842730040819711,16
61,Gradual,2305842721450885119,19
61,Gradual,2305842721450884095,19
61,Gradual,2305842996328791039,17
61,Gradual,2233785402290863103,21
61,Gradual,2224778203036122111,21
61,Gradual,2224778065597168639,24
61,Gradual,1648317313293745151,23
61,Gradual,1648317313293746175,21
61,Gradual,1648317313159528447,22
61,Gradual,1648317313159528319,24
61,Gradual,1648317038281621375,23
61,Gradual,1646065238467936127,25
61,Gradual,1646065247057870719,24
61,Gradual,1646065247057805183,24
61,Gradual,1646065247053610879,25
61,Gradual,1646065247053610875,25
61,Gradual,1646065238463676283,26
61,Gradual,1646065238597894011,27
61,Gradual,2222525990901317499,28
61,Gradual,2222525990901055355,28
61,Gradual,2222525990905249659,28
61,Gradual,2222525990905247611,29
61,Gradual,2222525990905313147,27
61,Gradual,2222525990905312891,28
61,Gradual,2222525989831571067,29
61,Gradual,2222524890319943291,31
61,Gradual,2222524888172459643,33
61,Gradual,2222524890319943291,31
61,Gradual,2231532089574684283,33
61,Gradual,2231532089574676091,33
61,Gradual,2231514497388631675,32
61,Gradual,2233766297202316923,30
61,Gradual,2233731112830228091,31
61,Gradual,2305788706868156027,27
61,Gradual,2304662806961313403,28
61,Gradual,2304663081839220347,29
61,Gradual,2304663081837123195,29
61,Gradual,2304663081837123451,30
61,Gradual,2305788981743966075,29
61,Gradual,2305788981739771771,28
61,Gradual,2305788981739771707,28
61,Gradual,2305788986034739003,26
61,Gradual,2287774587525257019,28
61,Gradual,2287774587525257011,29
61,Gradual,2287774587525265203,28
61,Gradual,2287774587525265207,27
61,Gradual,2287774587516876599,28
61,Gradual,2287211637563455287,27
61,Gradual,2287211637563457335,28
61,Gradual,2287211635415973687,29
61,Gradual,2287211635415908151,30
61,Gradual,2215154041377980215,33
61,Gradual,2215149643331469111,33
61,Gradual,2215149626151599927,33
61,Gradual,2215167218337644343,35
61,Gradual,2215167218320867127,35
61,Gradual,2215167218253758263,36
61,Gradual,2215149626067713847,35
61,Gradual,2206142426812972855,36
61,Gradual,2206142426880081719,35
61,Gradual,2206142426880065335,35
61,Gradual,2206142426880065333,35
61,Gradual,2206142426879541045,35
61,Gradual,2206142426879409973,35
61,Gradual,2206142426879409941,34
61,Gradual,2206142426883604245,33
61,Gradual,2206072058139426581,35
61,Gradual,2206069859116171029,35
61,Gradual,2206069859116171037,34
61,Gradual,2206069859049062173,35
61,Gradual,2206069859049053981,34
61,Gradual,2206069859049119517,34
61,Gradual,2206069858780684061,35
61,Gradual,2206069858780651293,35
61,Gradual,2206087450966695709,34
61,Gradual,2215094650221436701,34
61,Gradual,2215094650221453085,34
61,Gradual,2215657600174874397,33
61,Gradual,2215648804081852189,34
61,Gradual,2215648735362375453,33
61,Gradual,2215648872801328925,32
61,Gradual,2215648889981198109,34
61,Gradual,2213397090167512861,35
61,Gradual,2213397098757447453,32
61,Gradual,2213397098723893021,33
61,Gradual,2213396548968079133,33
61,Gradual,2213396548968079117,32
61,Gradual,2213396549236514573,34
61,Gradual,2213396549236522765,34
61,Gradual,2213398748259778317,33
61,Gradual,2213398748259778316,33
61,Gradual,2213398748259778332,32
61,Gradual,2213403146306289436,30
61,Gradual,2213403146306322204,32
61,Gradual,2177374349287358236,33
61,Gradual,2249431943325286172,30
61,Gradual,2248306043418443548,32
61,Gradual,2248306043451997980,32
61,Random,2279427687845967984,29
61,Random,1258468026070674122,34
61,Random,628982678777787892,36
61,Random,1877604318989558413,32
61,Random,1268590784039156187,33
61,Random,1433178898025032602,35
61,Random,2276906579641042798,29
61,Random,1089301928713437236,34
61,Random,503457247136056003,35
61,Random,466099461543533668,34
61,Random,902409048814390056,33
61,Random,490408135365018600,32
61,Random,168666040301815828,33
61,Random,1988970380289721825,36
61,Random,549792717719406158,32
61,Random,1325695139621338814,33
61,Random,1244102737382211764,33
61,Random,2037058280995566922,32
61,Random,2099218852857038068,36
61,Random,1157055439843778274,33
61,Random,1848268523622888789,31
61,Random,945393008177723782,34
61,Random,2034923883853454667,32
61,Random,1437930129423081788,35
61,Random,2138734761359036398,32
61,Random,2131779658347517886,33
61,Random,1718445926898224938,30
61,Random,980572696023970308,34
61,Random,2245861310841572482,35
61,Random,1991244517835561972,34
61,Random,1216348584464258377,32
61,Random,687924066013016153,35
61,Random,1097966215535174222,33
61,Random,2011329575912303370,36
61,Random,1499394114155925358,32
61,Random,1244286746623169518,33
61,Random,1356464620678972810,32
61,Random,584775549496093281,33
61,Random,2097365849602422951,37
61,Random,2015500105540437443,28
61,Random,970057482860612455,34
61,Random,2027655341357629967,34
61,Random,536083736599539004,32
61,Random,1511009284060715072,32
61,Random,985059509898905121,31
61,Random,1804931956423127132,32
61,Random,1023228992431420273,34
61,Random,1252758437887436898,35
61,Random,44753137369868940,33
61,Random,2250114329988182631,33
61,Random,296037764746418562,33
61,Random,872305417395544162,32
61,Random,1987077053778018779,34
61,Random,115154569992292952,30
61,Random,2026087462186887547,34
61,Random,1674334573658396442,35
61,Random,466974349242065263,35
61,Random,968434377700403427,30
61,Random,95334308579342224,30
61,Random,1886645716573021244,35
61,Random,2301131418604463982,31
61,Random,745984059424175322,31
61,Random,2180151254181743936,33
61,Random,2039796654664374323,35
61,Random,90147499895336705,33
61,Random,718557905766129730,34
61,Random,1003667161290456745,33
61,Random,81145356586810340,33
61,Random,1339013922287640711,31
61,Random,1788891341100776282,34
61,Random,521903143990467772,35
61,Random,40900417122803693,32
61,Random,750869627067599927,35
61,Random,1919439979757950858,35
61,Random,148355082290684402,34
61,Random,1593948128519615349,35
61,Random,304542306241803573,31
61,Random,549200537245626725,32
61,Random,139510843165767795,33
61,Random,1161089825042357415,33
61,Random,1378146063847868412,34
61,Random,2273701553512908527,30
61,Random,410246480594539255,31
61,Random,646400612038346273,31
61,Random,2167211486577595434,34
61,Random,966252557278851028,30
61,Random,1168219986236524849,32
61,Random,97055579501459689,35
61,Random,879019849604921815,34
61,Random,1052580393340103793,37
61,Random,1395176418843592764,36
61,Random,1033164660683159305,35
61,Random,1656332801184581363,32
61,Random,2010552372830912267,36
61,Random,2293825893751008936,30
61,Random,1833122649971104645,35
61,Random,2100021275630705852,28
61,Random,2117348296585682410,32
61,Random,625582811332428866,33
61,Random,353658684787612685,34
62,Gradual,4611686018427387903,12
62,Gradual,4611650834055299071,15
62,Gradual,4611369359078588415,16
62,Gradual,4611369359045033983,19
62,Gradual,4467254170969178111,23
62,Gradual,4467254170969178107,24
62,Gradual,4467113433480822779,25
62,Gradual,4449099034971340795,24
62,Gradual,4449097935459713019,26
62,Gradual,4446846135646027771,25
62,Gradual,4442342536018657275,28
62,Gradual,4442343635530285051,25
62,Gradual,4442484373018640379,24
62,Gradual,4442484368723673083,26
62,Gradual,4370426774685745147,28
62,Gradual,4370426224929931259,28
62,Gradual,4370426222782447611,30
62,Gradual,4370426214192513019,29
62,Gradual,4514541402268368891,27
62,Gradual,4370426214192513019,29
62,Gradual,4370426214192250875,30
62,Gradual,4370426214175473659,30
62,Gradual,4082195838023761915,31
62,Gradual,4082195836950020091,32
62,Gradual,4100210235459502075,31
62,Gradual,4100210098020548603,33
62,Gradual,4100210063660810235,32
62,Gradual,4100210063660809979,32
62,Gradual,4100491538637520635,29
62,Gradual,3524030786334097147,29
62,Gradual,3488001989315133179,28
62,Gradual,3560059583353061115,31
62,Gradual,3560059583353052923,32
62,Gradual,3704174771428908795,32
62,Gradual,3704174771462463227,29
62,Gradual,3704174771462461179,29
62,Gradual,3704174771462461115,31
62,Gradual,3704174771462469307,31
62,Gradual,3708678371089839803,28
62,Gradual,3996908747241551547,25
62,Gradual,3996345797288130235,28
62,Gradual,3996345797288064699,29
62,Gradual,4032374594307028667,29
62,Gradual,4032374594306897595,30
62,Gradual,4014360195797415611,31
62,Gradual,4014360195663197883,31
62,Gradual,4014360195394762427,31
62,Gradual,4014360195394827963,32
62,Gradual,4014342603208783547,33
62,Gradual,4016594403022468795,32
62,Gradual,4016594437382207163,33
62,Gradual,4016594438455948987,32
62,Gradual,4016592239432693435,33
62,Gradual,4016592205072955067,33
62,Gradual,4016592205072957115,33
62,Gradual,4017155155026378427,32
62,Gradual,4017155155294813883,32
62,Gradual,4017155157442297531,31
62,Gradual,4017155157433908923,30
62,Gradual,4017155157431811771,32
62,Gradual,4017155157398257339,32
62,Gradual,4017155294837210811,35
62,Gradual,4017155294837206715,35
62,Gradual,4017084926093029051,35
62,Gradual,4012581326465658555,33
62,Gradual,4012581326464609979,33
62,Gradual,4012581326196174523,34
62,Gradual,4012581326212951739,34
62,Gradual,4012581326212951738,34
62,Gradual,4012581257493475002,35
62,Gradual,4012581255345991354,35
62,Gradual,4012581254809120442,34
62,Gradual,3976552457790156474,35
62,Gradual,3976552457790156538,34
62,Gradual,3976552457823710970,36
62,Gradual,3976552457823710971,36
62,Gradual,3976270982847000315,33
62,Gradual,3976270991436934907,35
62,Gradual,3976262195343912699,35
62,Gradual,4012290992362876667,33
62,Gradual,4012290992362875643,34
62,Gradual,4012290992899746555,33
62,Gradual,4012290992899713787,32
62,Gradual,4012290997194681083,33
62,Gradual,4012290997194156795,33
62,Gradual,4012290996657285883,32
62,Gradual,4016794596284656379,33
62,Gradual,3728564220132944635,34
62,Gradual,3728564220132944627,34
62,Gradual,3728581812318989043,32
62,Gradual,3726330012505303795,33
62,Gradual,3726338808598326003,32
62,Gradual,3721835208970955507,31
62,Gradual,3721835208970955475,32
62,Gradual,3721835208972004051,31
62,Gradual,3721905577716181715,32
62,Gradual,3721905577724570323,33
62,Gradual,3721940762096659155,34
62,Gradual,3739955160606141139,33
62,Gradual,3703926363587177171,34
62,Gradual,3703926088709270227,35
62,Random,1606504556928947157,36
62,Random,638101355683941969,36
62,Random,2440380995429967759,32
62,Random,765607066422386787,31
62,Random,33483887688274024,32
62,Random,4491387573730977260,32
62,Random,1339080401257365114,31
62,Random,2370040940823295316,32
62,Random,123642355079833242,31
62,Random,1433998951209127192,31
62,Random,1774480510208236705,35
62,Random,2142811993357378073,35
62,Random,3654949857831968167,33
62,Random,1268518228042000124,33
62,Random,3560232757875353159,36
62,Random,1635266804026210815,34
62,Random,4514127551983297824,31
62,Random,3554750090903715895,33
62,Random,3393411902945493234,35
62,Random,3828738973859079129,31
62,Random,3982419829856964418,33
62,Random,914847336903431578,35
62,Random,1126379204608319740,34
62,Random,2572329088467045595,34
62,Random,4334507200015705672,33
62,Random,2713280685422383324,34
62,Random,3849055703280077358,31
62,Random,1744113326200982243,31
62,Random,1902188938908535015,36
62,Random,3232022739516456293,32
62,Random,2933000271987337176,36
62,Random,2152875444220832790,34
62,Random,559447837084153635,31
62,Random,2583551138353392573,33
62,Random,4522333486230813003,34
62,Random,4229454380114701249,34
62,Random,1493588530612738051,35
62,Random,1638288985634825612,34
62,Random,2417704908611175756,33
62,Random,1918685690427859655,31
62,Random,1471102699042213794,35
62,Random,3694031444025370291,35
62,Random,4363128641795092640,32
62,Random,383056238760568481,31
62,Random,863880472109673221,33
62,Random,534116672787215935,36
62,Random,3109125593121872914,36
62,Random,3900848415983189090,35
62,Random,1227633939301418292,34
62,Random,3242302249376354481,35
62,Random,5035380984043156,30
62,Random,1657488575426609181,32
62,Random,1284256714833581442,35
62,Random,4593936771046901120,29
62,Random,4298809588455808006,34
62,Random,878073828528464453,36
62,Random,1842419492698979412,32
62,Random,2213608484311795084,31
62,Random,1253827816004655051,36
62,Random,1984171768117376269,34
62,Random,225806852110570032,32
62,Random,4126686398309127294,34
62,Random,502862844195525919,34
62,Random,60729564559115862,32
62,Random,1877986425829461848,34
62,Random,3848354311309990664,33
62,Random,351298082912576044,32
62,Random,4016454360036990283,31
62,Random,3090951970210709539,32
62,Random,3666851864721815561,38
62,Random,3351802412910059758,34
62,Random,252204006494493717,32
62,Random,2552077017152074721,32
62,Random,325280311293211399,30
62,Random,1165938525325267593,32
62,Random,2943161354619611870,33
62,Random,2268882678191474625,33
62,Random,2294268171271368243,31
62,Random,1260252913926645373,36
62,Random,3481711694838604587,33
62,Random,1242321471750289401,35
62,Random,1131833986573673603,32
62,Random,4303963213195454056,33
62,Random,4515367577413171038,33
62,Random,1898276064177032924,31
62,Random,1718004954851826440,36
62,Random,3099633329426995556,31
62,Random,1465368012616208117,37
62,Random,346289473751397628,33
62,Random,3544650338862930997,34
62,Random,2908094666884308102,35
62,Random,1560623704130850316,34
62,Random,1626864998553886968,33
62,Random,2211545390416617764,34
62,Random,2977456803126251151,32
62,Random,3765759313331897714,32
62,Random,4294177819812525447,33
62,Random,1445846117520422113,31
62,Random,1658046305262686231,36
62,Random,1083586045196729817,34
63,Gradual,9223372036854775807,12
63,Gradual,9223372036787666943,15
63,Gradual,9223372036519231487,16
63,Gradual,9222809086565810175,20
63,Gradual,9222809077975875583,21
63,Gradual,9222809077975875551,22
63,Gradual,8069887573369028575,22
63,Gradual,8069887298491121631,21
63,Gradual,8069887298491121375,22
63,Gradual,8069887298759556831,22
63,Gradual,8069605823782846175,25
63,Gradual,8069605823782846111,26
63,Gradual,8067354023969160863,26
63,Gradual,8067916973922582175,28
63,Gradual,8067916973922451103,26
63,Gradual,8067916973922434719,28
63,Gradual,8067916973922565791,28
63,Gradual,8067916973922565783,29
63,Gradual,8067916973922533015,30
63,Gradual,7491456221619109527,29
63,Gradual,7482449022364368535,31
63,Gradual,7482413837992279703,30
63,Gradual,7482412738480651927,29
63,Gradual,7482412737943781015,29
63,Gradual,7482412737675345559,30
63,Gradual,7482412737541127831,32
63,Gradual,7482412187785313943,33
63,Gradual,7482412187751759511,33
63,Gradual,7482412187734982295,33
63,Gradual,7482412187734982359,33
63,Gradual,7482412187734982357,34
63,Gradual,7482412188271853269,33
63,Gradual,7482412188271851221,32
63,Gradual,7482341819527673557,33
63,Gradual,7482341819527706325,31
63,Gradual,7482341819527706357,33
63,Gradual,7482341819544483573,32
63,Gradual,5176498810330789621,31
63,Gradual,5176498808183305973,31
63,Gradual,4888268432031594229,29
63,Gradual,4888268434179077877,31
63,Gradual,5464729186482501365,31
63,Gradual,4888268434179077877,31
63,Gradual,4888268434178815733,31
63,Gradual,4888268429883848437,33
63,Gradual,4888268429883717365,30
63,Gradual,4816210835845789429,30
63,Gradual,4816281204589967093,31
63,Gradual,4816281204589967095,31
63,Gradual,4816281204589967094,31
63,Gradual,4816281204573189878,31
63,Gradual,4815718254619768566,33
63,Gradual,4815718254619768574,34
63,Gradual,4816281204573189886,32
63,Gradual,4816281204573206270,32
63,Gradual,4816281204589983486,32
63,Gradual,4816276806543472382,32
63,Gradual,4816276806543472378,33
63,Gradual,4816276806543439610,34
63,Gradual,4816276806543439098,35
63,Gradual,4816276806576993530,34
63,Gradual,4816276806576993522,33
63,Gradual,4816276806644102386,33
63,Gradual,4818528606457787634,34
63,Gradual,7124371615671481586,36
63,Gradual,7124371615805699314,36
63,Gradual,7124371615805732082,35
63,Gradual,7124371615268861170,35
63,Gradual,7124362819175838962,35
63,Gradual,7124362819175838966,33
63,Gradual,7124362819173741814,34
63,Gradual,7088334022154777846,34
63,Gradual,7088334022154777847,35
63,Gradual,7088334022154777846,34
63,Gradual,7088334022156874998,34
63,Gradual,7088342818249897206,34
63,Gradual,7088342817176155382,33
63,Gradual,7088342817176138998,32
63,Gradual,7088342817176138994,32
63,Gradual,7664803569479562482,30
63,Gradual,7664803578069497074,30
63,Gradual,7664803578069497078,29
63,Gradual,7664803578065302774,30
63,Gradual,7664803582360270070,32
63,Gradual,7663677682453427446,31
63,Gradual,7663677682453361910,31
63,Gradual,7735735276491289846,29
63,Gradual,7735735551369196790,28
63,Gradual,7735735551352419574,29
63,Gradual,7591620363276563702,31
63,Gradual,7591620363276563670,31
63,Gradual,7591620363276563702,31
63,Gradual,7591620363276563574,33
63,Gradual,7591620363276564086,34
63,Gradual,7591655547648652918,36
63,Gradual,7591655547648783990,35
63,Gradual,8744577052255630966,35
63,Gradual,8744577043665696374,35
63,Gradual,8744577043665696630,32
63,Gradual,8744577043663599478,31
63,Gradual,8744581441710110582,33
63,Random,7476275281833990863,36
63,Random,8084593846082050041,32
63,Random,8546196883667148603,31
63,Random,1034480412651295899,36
63,Random,5827789113275370050,31
63,Random,8255326200816546953,34
63,Random,8817808598611645717,35
63,Random,5753716700767347965,33
63,Random,1953124684165484180,35
63,Random,7649960024529997600,32
63,Random,14978580641058361,31
63,Random,8625860410115948204,36
63,Random,7362787751243258724,37
63,Random,1501297064313908842,33
63,Random,3493927456142937878,32
63,Random,8396257171814696641,34
63,Random,4805379144075353909,35
63,Random,371618905488865895,33
63,Random,6613220446727302205,33
63,Random,8419387849143641680,36
63,Random,8226076878970319200,31
63,Random,8157510270035521691,36
63,Random,1878938338462520449,33
63,Random,1834812799041399638,34
63,Random,8483911394821765240,34
63,Random,7872893620419195828,32
63,Random,290150460662263001,33
63,Random,7012113502722822770,31
63,Random,8468189776170814789,33
63,Random,400517840509356773,36
63,Random,2112490997864786337,31
63,Random,2902840201589372067,35
63,Random,8880311437897935633,34
63,Random,1003081085192127738,34
63,Random,1467920207593058861,32
63,Random,3470035192664174360,34
63,Random,5336340945570851714,36
63,Random,8290347174206995030,30
63,Random,7134967124009257424,37
63,Random,990675568721636398,31
63,Random,7537881367926633173,33
63,Random,7264172932785115647,33
63,Random,4297603027904176731,34
63,Random,5646668882653052148,32
63,Random,8974319443132380883,32
63,Random,9163373442027175519,30
63,Random,667661798309109858,32
63,Random,7584213452814283044,32
63,Random,7671615593957859488,34
63,Random,1911885055893481573,33
63,Random,6882417448232670819,33
63,Random,7700977173184506929,30
63,Random,1960593175258923649,34
63,Random,4116768482868408231,35
63,Random,8357089351588137521,36
63,Random,2735256437687034133,34
63,Random,5773033217175629274,35
63,Random,5754180424474248098,35
63,Random,3477757146748731760,33
63,Random,2756053916127458546,31
63,Random,2080075110883694451,31
63,Random,7147448824543700297,33
63,Random,4974243860336633961,32
63,Random,64598896477402430,33
63,Random,6457951383014590609,34
63,Random,3643005921552343026,32
63,Random,1649172983691367464,32
63,Random,5063612272012015944,31
63,Random,1403865854390702279,33
63,Random,1123145756958052370,35
63,Random,2849003831653369968,36
63,Random,6272861908188070839,36
63,Random,7204853858443490632,35
63,Random,5648975016759315786,34
63,Random,6635486552366618562,33
63,Random,2451830137169168833,35
63,Random,6207178563690150479,35
63,Random,1571597763527129186,37
63,Random,4136696807478412559,35
63,Random,8484753789196640124,31
63,Random,8029714695148421584,32
63,Random,8149323348263242866,36
63,Random,3900743899305431354,32
63,Random,4810228560890076305,35
63,Random,359212054684829563,34
63,Random,5833593295400047738,35
63,Random,7626249032492314903,37
63,Random,3466973497432022383,31
63,Random,81116259095884549,31
63,Random,1057759678053776534,34
63,Random,1626325611996463820,34
63,Random,3432997849452258027,33
63,Random,2319520041820414891,32
63,Random,4707484775097775405,30
63,Random,4280798171807437085,32
63,Random,4789396086468547515,32
63,Random,5364675216359818701,33
63,Random,5485024680911889677,36
63,Random,7589859446519056919,33
63,Random,1908209847012075656,34
64,Gradual,18446744073709551615,12
64,Gradual,18446726481523507199,16
64,Gradual,18442222881896136703,16
64,Gradual,18370165287858208767,18
64,Gradual,18369602337904787455,18
64,Gradual,13757916319477399551,19
64,Gradual,13757914120454143999,20
64,Gradual,13757773382965788671,22
64,Gradual,13757773382949011455,25
64,Gradual,13757773382949007359,26
64,Gradual,13757773382949007103,26
64,Gradual,13757773382948990719,28
64,Gradual,13762276982576361215,26
64,Gradual,13762276982576377599,25
64,Gradual,13762276982567988991,28
64,Gradual,13762276913848512255,28
64,Gradual,13762276911701028607,28
64,Gradual,13834334505738956543,27
64,Gradual,13834334505736859391,27
64,Gradual,13834334505753636607,25
64,Gradual,13834334505752588031,25
64,Gradual,13834325709659565823,28
64,Gradual,13834325778379042559,27
64,Gradual,13834321380332531455,27
64,Gradual,12681399875725684479,27
64,Gradual,12681402074748940031,27
64,Gradual,12681120599772229375,28
64,Gradual,12681120599755452159,30
64,Gradual,12681120599763840767,29
64,Gradual,12681120599763838719,28
64,Gradual,12681120599759644415,28
64,Gradual,12663106201250162431,30
64,Gradual,12663106201254356735,30
64,Gradual,12663106201254348543,30
64,Gradual,12663106201254348542,30
64,Gradual,12663106201120130814,34
64,Gradual,12663106201111742206,32
64,Gradual,12663106201111746302,33
64,Gradual,12663105101600118526,34
64,Gradual,12663105101600118522,34
64,Gradual,12663104826722211578,34
64,Gradual,12663104826722219770,33
64,Gradual,12663104826722219642,34
64,Gradual,12663104826730608250,32
64,Gradual,12591047232692680314,34
64,Gradual,10285204223478986362,36
64,Gradual,10285204223478724218,37
64,Gradual,10285204223478720122,37
64,Gradual,10285204223445165690,35
64,Gradual,10285204223445165688,36
64,Gradual,10285204189085427320,36
64,Gradual,10285204189118981752,36
64,Gradual,10285204189118981720,37
64,Gradual,10285767139072403032,36
64,Gradual,10285767139072386648,38
64,Gradual,10281263539445016152,36
64,Gradual,10281263402006062680,35
64,Gradual,10281263676883969624,35
64,Gradual,10281404414372324952,33
64,Gradual,10281404413835454040,34
64,Gradual,10281404413835454072,34
64,Gradual,10281404448195192440,34
64,Gradual,10281404448195192568,34
64,Gradual,10137289260119336696,34
64,Gradual,10281404448195192568,34
64,Gradual,10281404448195196664,33
64,Gradual,10281404443900229368,36
64,Gradual,10281404443900231416,35
64,Gradual,9704943691596807928,35
64,Gradual,14316629710024195832,35
64,Gradual,14316488972535840504,36
64,Gradual,14028258596384128760,34
64,Gradual,14026006796570443512,32
64,Gradual,14026006796704661240,32
64,Gradual,14026006796704657144,31
64,Gradual,14026006796704657146,31
64,Gradual,14026006796704526074,34
64,Gradual,14026006796704526078,34
64,Gradual,14026006797241396990,34
64,Gradual,14026006797241396988,33
64,Gradual,14025443847287975676,36
64,Gradual,14024317947381133052,35
64,Gradual,14024317947381133020,35
64,Gradual,14026569747194818268,34
64,Gradual,14026569747195866844,34
64,Gradual,13882454559120010972,34
64,Gradual,13880202759306325724,34
64,Gradual,14024317947382181596,35
64,Gradual,14024317947373792988,35
64,Gradual,14024317947373792984,35
64,Gradual,14024599422350503640,35
64,Gradual,14024599422350503672,35
64,Gradual,14024599422367280888,33
64,Gradual,14024599422367280890,33
64,Gradual,14024599422367280762,33
64,Gradual,14024599422367280746,32
64,Gradual,14024599422367297130,33
64,Gradual,15177520926974144106,35
64,Gradual,15177520892614405738,33
64,Gradual,15177518693591150186,33
64,Gradual,15177536285777194602,34
64,Random,5291809505696227327,30
64,Random,2377077738235566679,35
64,Random,10370351933436217353,31
64,Random,8012913189140119376,34
64,Random,5814436028620640164,37
64,Random,6202768180474216261,33
64,Random,9563060472693309793,31
64,Random,12021134058781775021,33
64,Random,1210504609530531306,35
64,Random,654244699438112323,34
64,Random,3894074868443420235,30
64,Random,16345831324972653796,35
64,Random,9887591817629301910,34
64,Random,8767560335274324905,33
64,Random,13103944104822230713,38
64,Random,8410825516716750807,37
64,Random,17245385792753038484,36
64,Random,11039971116525911185,35
64,Random,2153703006913686193,36
64,Random,5223655427721747534,33
64,Random,11272079973863503945,34
64,Random,13869570065615893003,35
64,Random,3781208327896077924,36
64,Random,15038549829382813818,37
64,Random,8564763595828939309,32
64,Random,2962571424917701097,34
64,Random,6383980690492288544,36
64,Random,7310840894052650877,36
64,Random,16491382286798951918,36
64,Random,6896409715699146093,34
64,Random,13878146081379333699,31
64,Random,5680473835321395027,33
64,Random,6122610825148993379,34
64,Random,4251517597803932489,31
64,Random,8779850391972659298,37
64,Random,8224954961526080974,35
64,Random,11412083956900468226,34
64,Random,15583408019578941515,33
64,Random,7576474452021765708,32
64,Random,10596751099874474415,34
64,Random,9256920628927072465,31
64,Random,13167281129934705291,31
64,Random,15989616762419402423,36
64,Random,13152763500581596901,34
64,Random,11678907754557730356,35
64,Random,5147283139013065334,35
64,Random,14694800890376345931,36
64,Random,13255969425340266707,33
64,Random,2122619766212573355,35
64,Random,15309060647350115512,35
64,Random,10767301452332155402,32
64,Random,7176226201520057574,36
64,Random,11202942056431859317,31
64,Random,8920100855844635420,30
64,Random,10047177659086905939,34
64,Random,6455887341425687676,31
64,Random,677024843560331622,34
64,Random,3852511816335263157,33
64,Random,1303304619296253129,31
64,Random,3730367941817332572,34
64,Random,16060850116613635251,35
64,Random,13417574629879516027,38
64,Random,2185966346015705166,34
64,Random,1477389592861561856,31
64,Random,15434904091279216104,35
64,Random,2507021144553113940,32
64,Random,666658128594530021,33
64,Random,10769716162604802455,31
64,Random,2313545028708095821,33
64,Random,10908918227448187527,33
64,Random,6205504298269623969,36
64,Random,14128448495630934834,34
64,Random,15091490319117135298,33
64,Random,6176871523681867148,35
64,Random,1519656858607260179,32
64,Random,15468353603203928334,32
64,Random,2394001078869505605,33
64,Random,17762977492691386056,33
64,Random,16741069534381381253,35
64,Random,15725342244659006179,34
64,Random,13230070386031358904,33
64,Random,11953510468453491386,35
64,Random,563232162272375670,33
64,Random,11005846437118404783,31
64,Random,17163397247301536889,33
64,Random,14127211117370400134,34
64,Random,17837638062730650842,34
64,Random,15368751524734146456,29
64,Random,16999579111683472800,36
64,Random,13254051681576109040,33
64,Random,6938719344947803139,35
64,Random,1983246888172016439,37
64,Random,2774291377860981124,34
64,Random,16938323369532871416,34
64,Random,3139409124949955989,37
64,Random,7166429428687018748,36
64,Random,12629174869024407871,31
64,Random,8217359506883067297,35
64,Random,11239873509311609668,34
64,Random,1430230284501986439,32
